Timestamp,Course Name,Module,Problem,Duration,Content Type,URL,Event Type,Event Data
11:25,,,,,,,Tab,Tab Closed [TabID:19]
11:25,,other,,,,https://taralabs.slack.com/messages/@praveen/,Tab,Tab Switched
11:28,Java,1,,,video,https://www.udacity.com/course/viewer#!/c-cs046/l-176475143/m-178422831,Tab,Tab Switched
11:28,,other,,,,https://taralabs.slack.com/messages/@praveen/,Tab,Tab Switched
11:28,,gm,,,,https://mail.google.com/mail/u/0/#inbox,Tab,Tab Switched
11:28,,gm,,,,https://mail.google.com/mail/u/0/#inbox,Mouse,1
11:28,,s,,,,http://www.google.com/accounts/Logout2?hl=en&service=mail&ilo=1&ils=doritos%2Cwritely%2Co.mail.google.com%2Cs.IN&ilc=1&continue=https%3A%2F%2Fmail.google.com%2Fmail&zx=1049158594,Tab,New Tab
11:28,,yt,,,,https://accounts.youtube.com/accounts/Logout2?hl=en&service=mail&ilo=1&ils=s.youtube%2Cdoritos%2Cwritely%2Co.mail.google.com%2Cs.IN&ilc=0&continue=https%3A%2F%2Fmail.google.com%2Fmail&zx=41062762,Tab,New Tab
11:28,,gm,,,,https://accounts.google.com/ServiceLogin?service=mail&passive=true&rm=false&continue=https://mail.google.com/mail/&ss=1&scc=1&ltmpl=default&ltmplcache=2&emr=1&osid=1,Tab,New Tab
11:28,,s,,,,http://www.google.co.in/accounts/Logout2?hl=en&service=mail&ilo=1&ils=s.IN&ilc=2&continue=https%3A%2F%2Fmail.google.com%2Fmail&zx=-1952753039,Tab,New Tab
11:28,,other,,,,https://taralabs.slack.com/messages/@praveen/,Tab,Tab Switched
11:29,,gm,,,,https://accounts.google.com/ServiceLogin?service=mail&passive=true&rm=false&continue=https://mail.google.com/mail/&ss=1&scc=1&ltmpl=default&ltmplcache=2&emr=1&osid=1,Tab,Tab Switched
11:29,,other,,,,https://accounts.google.com/ServiceLogin?continue=https%3A%2F%2Fmail.google.com%2Fmail%2F&ltmpl=default&service=mail&sacu=1&scc=1&passive=1209600&acui=2#Email=vedavyas%40taramt.com,Tab,New Tab
11:29,,other,,,,https://accounts.google.com/ServiceLoginAuth,Tab,New Tab
11:29,,,,,,,Window,Window maximized
11:29,,other,,,,https://taralabs.slack.com/messages/@praveen/,Tab,Tab Switched
11:29,,,,,,,Window,Window -Possible Minimize
11:29,,gm,,,,https://mail.google.com/mail/u/0/,Tab,New Tab
11:29,,gm,,,,https://mail.google.com/mail/u/0/#inbox,Tab,New Tab
11:29,,gm,,,,https://mail.google.com/mail/u/0/#inbox,Tab,Tab Switched
11:29,,gm,,,,https://mail.google.com/mail/u/0/#inbox/14e6f1fc942415f8,Tab,New Tab
11:29,,gm,,,,https://mail.google.com/mail/u/0/#inbox,Tab,New Tab
11:29,,gm,,,,https://mail.google.com/mail/u/0/#inbox/14e6ca72fdf57698,Tab,New Tab
11:29,,gm,,,,https://mail.google.com/mail/u/0/#inbox,Tab,New Tab
11:29,,gm,,,,https://mail.google.com/mail/u/0/#inbox/14e678d4179b378c,Tab,New Tab
11:29,,gm,,,,https://mail.google.com/mail/u/0/#inbox,Tab,New Tab
11:29,,gm,,,,https://mail.google.com/mail/u/0/#inbox/14e770f8c172afc9,Tab,New Tab
11:29,,other,,,,http://email.i.workingon.co/c/eJxNjT1rwzAYhH-NtQjMqy9bHjQUSgNdGghp0vG1JBI1ttQqikP66yPwUrjhDu65c0by0ZJgODAFPQPQXABrFVNatFpJIRoJob2nfAnxlGJrEzkbxF6KwXYw9h04PvhOS6m9GgZZ96QjkzmX8tOIl4a_Vf3HawxxCcVXc4Tj3-fX655tp93p_dfeISiSzeIdLg-81uuCGedSsZkUs3Lkehu_vS1mm3HxPtIN5jD7aUK6Fhx9pBstiR7W24_4BJKySfg,Tab,Tab Switched
11:29,,other,,,,https://taralabs.slack.com/messages/@praveen/,Tab,Tab Switched
11:29,,other,,,,https://www.workingon.co/invite/X0XzVYDU1PlSgJqcw0i5,Tab,Tab Switched
11:29,,other,,,,https://www.workingon.co/invite/X0XzVYDU1PlSgJqcw0i5,Tab,New Tab
11:29,,other,,,,https://www.workingon.co/account-created,Tab,New Tab
11:29,,gm,,,,https://mail.google.com/mail/u/0/#inbox/14e770f8c172afc9,Tab,Tab Switched
11:30,,gm,,,,https://mail.google.com/mail/u/0/#inbox,Tab,New Tab
11:30,,gm,,,,https://mail.google.com/mail/u/0/#inbox/14e85ff842b9a8a8,Tab,New Tab
11:30,,other,,,,https://www.workingon.co/verify?code=f5ec845f-54f1-42dc-9cd4-66ada135b99e,Tab,Tab Switched
11:30,,other,,,,https://www.workingon.co/welcome/how#/welcome,Tab,New Tab
11:30,,other,,,,https://www.workingon.co/welcome/inbox,Tab,New Tab
11:30,,other,,,,https://www.workingon.co/welcome/invite,Tab,New Tab
11:30,,other,,,,https://www.workingon.co/welcome/invite,Mouse,1
11:30,,gm,,,,https://mail.google.com/mail/u/0/#inbox/14e85ff842b9a8a8,Tab,Tab Switched
11:30,,other,,,,https://taralabs.slack.com/messages/@praveen/,Tab,Tab Switched
11:30,,other,,,,https://www.workingon.co/work,Tab,New Tab
11:30,,other,,,,https://www.workingon.co/work,Tab,Tab Switched
11:30,,other,,,,https://www.workingon.co/account-created,Tab,Tab Switched
11:30,,other,,,,https://www.udacity.com/me#!/,Tab,Tab Switched
11:30,,,,,,,Tab,Tab Closed [TabID:21]
11:30,,other,,,,https://www.workingon.co/work,Tab,Tab Switched
11:31,,other,,,,https://www.workingon.co/work,Tab,New Tab
11:31,,other,,,,https://www.workingon.co/work,Mouse,2
11:31,,other,,,,https://www.workingon.co/work,Tab,New Tab
11:31,,gm,,,,https://mail.google.com/mail/u/0/#inbox/14e85ff842b9a8a8,Tab,Tab Switched
11:31,,other,,,,https://taralabs.slack.com/messages/@praveen/,Tab,Tab Switched
11:31,,other,,,,https://www.workingon.co/activity,Tab,New Tab
11:32,,other,,,,https://www.workingon.co/activity,Tab,Tab Switched
11:32,,other,,,,https://www.workingon.co/activity,Mouse,4
11:32,,other,,,,https://www.workingon.co/tools,Tab,New Tab
11:32,,other,,,,https://www.workingon.co/work,Tab,New Tab
11:33,,other,,,,https://www.workingon.co/activity,Tab,New Tab
11:33,,other,,,,https://taralabs.slack.com/messages/@praveen/,Tab,Tab Switched
11:33,,other,,,,https://www.workingon.co/activity,Tab,Tab Switched
11:33,,other,,,,https://www.workingon.co/work,Tab,New Tab
11:33,,other,,,,https://taralabs.slack.com/messages/@praveen/,Tab,Tab Switched
11:33,,other,,,,https://www.workingon.co/work,Tab,Tab Switched
11:33,,other,,,,https://taralabs.slack.com/messages/@praveen/,Tab,Tab Switched
11:33,,other,,,,https://www.workingon.co/work,Tab,Tab Switched
11:33,,other,,,,https://www.workingon.co/you,Tab,New Tab
11:33,,other,,,,https://www.workingon.co/manage,Tab,New Tab
11:33,,other,,,,https://taralabs.slack.com/messages/@praveen/,Tab,Tab Switched
11:34,,other,,,,https://www.workingon.co/manage,Tab,Tab Switched
11:34,,other,,,,https://taralabs.slack.com/messages/@praveen/,Tab,Tab Switched
11:34,,gm,,,,https://mail.google.com/mail/u/0/#inbox/14e85ff842b9a8a8,Tab,Tab Switched
11:34,,other,,,,https://www.workingon.co/manage,Tab,Tab Switched
11:34,,other,,,,https://taralabs.slack.com/messages/@praveen/,Tab,Tab Switched
11:34,,other,,,,https://www.workingon.co/work,Tab,New Tab
11:35,,other,,,,https://www.workingon.co/work,Tab,Tab Switched
11:35,,other,,,,https://taralabs.slack.com/messages/@praveen/,Tab,Tab Switched
11:35,,other,,,,https://www.workingon.co/work,Tab,Tab Switched
11:35,,other,,,,https://www.workingon.co/work,Mouse,2
11:35,,other,,,,https://www.workingon.co/tools,Tab,New Tab
11:35,,other,,,,https://www.workingon.co/manage,Tab,New Tab
11:35,,other,,,,https://www.workingon.co/slack,Tab,New Tab
11:35,,other,,,,https://taralabs.slack.com/messages/@praveen/,Tab,Tab Switched
11:35,,other,,,,https://www.workingon.co/slack,Tab,Tab Switched
11:36,,other,,,,https://taralabs.slack.com/messages/@praveen/,Tab,Tab Switched
11:36,,other,,,,https://www.workingon.co/slack,Tab,Tab Switched
11:36,,other,,,,https://taralabs.slack.com/messages/@praveen/,Mouse,3
11:37,,other,,,,https://www.workingon.co/slack,Mouse,3
11:37,,other,,,,https://www.workingon.co/slack,Selected,114
11:37,,other,,,,https://www.workingon.co/manage,Tab,New Tab
11:37,,other,,,,https://www.workingon.co/slack,Tab,New Tab
11:37,,other,,,,https://taralabs.slack.com/messages/@praveen/,Tab,Tab Switched
11:38,,other,,,,https://taralabs.slack.com/messages/veda-java-progress/,Tab,New Tab
11:38,,other,,,,https://taralabs.slack.com/messages/@praveen/,Tab,New Tab
11:38,,other,,,,https://taralabs.slack.com/messages/veda-java-progress/,Mouse,4
11:38,,other,,,,https://taralabs.slack.com/messages/@praveen/,Mouse,2
11:38,,other,,,,https://www.workingon.co/slack,Tab,Tab Switched
11:38,,other,,,,https://www.workingon.co/slack,Tab,New Tab
11:38,,other,,,,https://taralabs.slack.com/messages/@praveen/,Tab,Tab Switched
11:38,,other,,,,https://www.workingon.co/slack,Tab,Tab Switched
11:38,,other,,,,https://www.workingon.co/slack,Tab,New Tab
11:38,,other,,,,https://taralabs.slack.com/messages/@praveen/,Tab,Tab Switched
11:38,,other,,,,https://taralabs.slack.com/messages/veda-java-progress/,Tab,New Tab
11:39,,other,,,,https://www.workingon.co/slack,Tab,Tab Switched
11:39,,other,,,,https://www.workingon.co/work,Tab,New Tab
11:39,,other,,,,https://www.workingon.co/work,Tab,New Tab
11:39,,other,,,,https://taralabs.slack.com/messages/veda-java-progress/,Tab,Tab Switched
11:39,,other,,,,https://www.workingon.co/work,Tab,Tab Switched
11:39,,other,,,,https://www.workingon.co/work,Tab,New Tab
11:39,,other,,,,https://www.workingon.co/activity,Tab,New Tab
11:40,,gm,,,,https://mail.google.com/mail/u/0/#inbox/14e85ff842b9a8a8,Tab,Tab Switched
11:40,,other,,,,https://taralabs.slack.com/messages/veda-java-progress/,Tab,Tab Switched
11:40,,other,,,,https://taralabs.slack.com/messages/@praveen/,Tab,New Tab
11:41,,other,,,,https://www.udacity.com/me#!/,Tab,Tab Switched
11:41,,other,,,,https://taralabs.slack.com/messages/@praveen/,Mouse,2
11:41,Java,1,,,video,https://www.udacity.com/course/viewer#!/c-cs046/l-176475143/m-178422831,Tab,Tab Switched
11:42,Java,1,,,video,https://www.udacity.com/course/viewer#!/c-cs046/l-176475143/m-178422831,Screen,idle
11:42,Java,1,,,video,https://www.udacity.com/course/viewer#!/c-cs046/l-176475143/m-178422831,Screen,active
11:42,,other,,,,https://taralabs.slack.com/messages/@praveen/,Tab,Tab Switched
11:43,,other,,,,https://taralabs.slack.com/messages/@praveen/,Mouse,2
11:43,,gm,,,,https://mail.google.com/mail/u/0/#inbox/14e85ff842b9a8a8,Tab,Tab Switched
11:43,,other,,,,https://www.workingon.co/activity,Tab,Tab Switched
11:43,,gm,,,,https://mail.google.com/mail/u/0/#inbox/14e85ff842b9a8a8,Tab,Tab Switched
11:43,,gm,,,,https://mail.google.com/mail/u/0/#inbox,Tab,New Tab
11:43,,gm,,,,https://mail.google.com/mail/u/0/#inbox/14e85ffa991a750e,Tab,New Tab
11:43,,gm,,,,https://mail.google.com/mail/u/0/#inbox,Tab,New Tab
11:43,,gm,,,,https://mail.google.com/mail/u/0/#inbox/14e85ffa991a750e,Mouse,2
11:43,,gm,,,,https://mail.google.com/mail/u/0/#inbox/14e8600fc2f5bce3,Tab,New Tab
11:43,,gm,,,,https://mail.google.com/mail/u/0/#inbox/14e8600fc2f5bce3,Mouse,2
11:43,,gm,,,,https://mail.google.com/mail/u/0/#inbox,Tab,New Tab
11:43,,other,,,,https://www.udacity.com/me#!/,Tab,Tab Switched
11:43,Java,1,,,video,https://www.udacity.com/course/viewer#!/c-cs046/l-176475143/m-178422831,Tab,Tab Switched
11:43,,,,,,,Window,Window maximized
11:43,,,,,,,Window,Window -Possible Minimize
11:43,,other,,,,https://taralabs.slack.com/messages/@praveen/,Tab,Tab Switched
11:44,,gm,,,,https://mail.google.com/mail/u/0/#inbox,Tab,Tab Switched
11:44,,other,,,,https://taralabs.slack.com/messages/@praveen/,Mouse,6
11:44,,other,,,,https://www.workingon.co/activity,Tab,Tab Switched
11:44,,other,,,,https://taralabs.slack.com/messages/@praveen/,Tab,Tab Switched
11:44,,other,,,,https://www.udacity.com/me#!/,Tab,Tab Switched
11:44,Java,1,,,video,https://www.udacity.com/course/viewer#!/c-cs046/l-176475143/m-178422831,Tab,Tab Switched
11:44,,other,,,,https://taralabs.slack.com/messages/@praveen/,Tab,Tab Switched
11:44,Java,1,,,video,https://www.udacity.com/course/viewer#!/c-cs046/l-176475143/m-178422831,Tab,Tab Switched
11:45,Java,2,,,video,https://www.udacity.com/course/viewer#!/c-cs046/l-176475143/m-179427100,Tab,New Tab
11:45,Java,3,,,video,https://www.udacity.com/course/viewer#!/c-cs046/l-176475143/m-212508589,Tab,New Tab
11:47,Java,4,,,video,https://www.udacity.com/course/viewer#!/c-cs046/l-176475143/m-212508590,Tab,New Tab
11:48,Java,4,,,video,https://www.udacity.com/course/viewer#!/c-cs046/l-176475143/m-212508590,Screen,idle
11:48,Java,5,,,quiz_video,https://www.udacity.com/course/viewer#!/c-cs046/l-176475143/e-212297216/m-212297217,Tab,New Tab
11:49,Java,5,,,quiz,https://www.udacity.com/course/viewer#!/c-cs046/l-176475143/e-212297216/m-212297218,Tab,New Tab
11:49,,other,,,,https://taralabs.slack.com/messages/@praveen/,Screen,active
11:49,,other,,,,https://taralabs.slack.com/messages/@praveen/,Tab,Tab Switched
11:50,,other,,,,https://taralabs.slack.com/messages/@praveen/,Mouse,2
11:50,Java,5,,,quiz,https://www.udacity.com/course/viewer#!/c-cs046/l-176475143/e-212297216/m-212297218,Tab,Tab Switched
11:50,,other,,,,https://www.workingon.co/activity,Tab,Tab Switched
11:50,Java,5,,,quiz,https://www.udacity.com/course/viewer#!/c-cs046/l-176475143/e-212297216/m-212297218,Mouse,11
11:50,,other,,,,https://www.workingon.co/activity,Mouse,1
11:50,,other,,,,https://www.workingon.co/work,Tab,New Tab
11:50,,other,,,,https://www.workingon.co/work,Tab,New Tab
11:50,,other,,,,https://taralabs.slack.com/messages/@praveen/,Tab,Tab Switched
11:50,,other,,,,https://taralabs.slack.com/messages/veda-java-progress/,Tab,New Tab
11:51,,other,,,,https://www.workingon.co/work,Tab,Tab Switched
11:51,Java,5,,,quiz,https://www.udacity.com/course/viewer#!/c-cs046/l-176475143/e-212297216/m-212297218,Tab,Tab Switched
11:51,Java,5,,,quiz,https://www.udacity.com/course/viewer#!/c-cs046/l-176475143/e-212297216/m-212297218,Mouse,22
11:51,Java,5,,,quiz_answer,https://www.udacity.com/course/viewer#!/c-cs046/l-176475143/e-212297216/m-212297219,Tab,New Tab
11:51,Java,6,,,quiz_video,https://www.udacity.com/course/viewer#!/c-cs046/l-176475143/e-213489298/m-213489299,Tab,New Tab
11:53,Java,6,,,quiz,https://www.udacity.com/course/viewer#!/c-cs046/l-176475143/e-213489298/m-213489300,Tab,New Tab
11:53,,other,,,,https://www.workingon.co/work,Tab,Tab Switched
11:53,,other,,,,https://taralabs.slack.com/messages/veda-java-progress/,Tab,Tab Switched
11:53,,other,,,,https://www.workingon.co/work,Tab,New Tab
11:53,,other,,,,https://taralabs.slack.com/messages/@praveen/,Tab,New Tab
11:54,,other,,,,https://www.workingon.co/work,Tab,Tab Switched
11:54,,other,,,,https://taralabs.slack.com/messages/@praveen/,Tab,Tab Switched
11:54,Java,6,,,quiz,https://www.udacity.com/course/viewer#!/c-cs046/l-176475143/e-213489298/m-213489300,Tab,Tab Switched
11:54,Java,6,,,quiz,https://www.udacity.com/course/viewer#!/c-cs046/l-176475143/e-213489298/m-213489300,Mouse,13
11:54,,other,,,,https://www.udacity.com/wiki/cs046/bluej/install-windows,Tab,Tab Switched
11:54,,other,,,,https://www.udacity.com/wiki/cs046/bluej/install-windows,Tab,New Tab
11:55,,,,,,,Window,Window maximized
11:55,,other,,,,https://www.udacity.com/wiki/cs046/bluej/install-windows,Mouse,1
11:55,,s,,,,http://www.google.com/url?q=http://www.oracle.com/technetwork/java/javase/downloads/jdk7-downloads-1880260.html&sa=D&sntz=1&usg=AFQjCNGPxpxpgEownqglhYEJoVh3Dos3RQ,Tab,New Tab
11:55,,,,,,,Window,Window -Possible Minimize
11:55,,,,,,,Window,Window maximized
11:57,,,,,,,Window,Window -Possible Minimize
11:57,,,,,,,Window,Window maximized
11:57,,s,,,,http://www.google.com/url?q=http://www.oracle.com/technetwork/java/javase/downloads/jdk7-downloads-1880260.html&sa=D&sntz=1&usg=AFQjCNGPxpxpgEownqglhYEJoVh3Dos3RQ,Mouse,14
11:57,,,,,,,Window,Window -Possible Minimize
11:57,,other,,,,http://www.oracle.com/technetwork/java/javase/downloads/jdk7-downloads-1880260.html,Tab,New Tab
11:57,,other,,,,https://www.workingon.co/work,Tab,Tab Switched
11:59,,other,,,,https://taralabs.slack.com/messages/@praveen/,Tab,Tab Switched
11:59,,other,,,,https://www.workingon.co/work,Tab,New Tab
11:59,,other,,,,https://taralabs.slack.com/messages/veda-java-progress/,Tab,New Tab
11:59,,other,,,,https://www.workingon.co/work,Tab,Tab Switched
11:59,,other,,,,https://taralabs.slack.com/messages/veda-java-progress/,Mouse,2
11:59,Java,6,,,quiz,https://www.udacity.com/course/viewer#!/c-cs046/l-176475143/e-213489298/m-213489300,Tab,Tab Switched
11:59,Java,6,,,quiz_answer,https://www.udacity.com/course/viewer#!/c-cs046/l-176475143/e-213489298/m-213489301,Tab,New Tab
12:00,Java,7,,,quiz_video,https://www.udacity.com/course/viewer#!/c-cs046/l-176475143/e-213489302/m-213489303,Tab,New Tab
12:00,Java,7,,,quiz,https://www.udacity.com/course/viewer#!/c-cs046/l-176475143/e-213489302/m-213489304,Tab,New Tab
12:00,Java,7,,,quiz,https://www.udacity.com/course/viewer#!/c-cs046/l-176475143/e-213489302/m-213489304,Mouse,15
12:00,,other,,,,https://s3.amazonaws.com/udacity-hosted-downloads/lesson1.zip,Tab,Tab Switched
12:00,,,,,,,Tab,Tab Closed [TabID:27]
12:00,Java,7,,,quiz,https://www.udacity.com/course/viewer#!/c-cs046/l-176475143/e-213489302/m-213489304,Tab,Tab Switched
12:00,,other,,,,https://taralabs.slack.com/messages/veda-java-progress/,Tab,Tab Switched
12:00,,other,,,,https://taralabs.slack.com/messages/@praveen/,Tab,New Tab
12:02,,other,,,,https://www.workingon.co/work,Tab,Tab Switched
12:02,,other,,,,https://taralabs.slack.com/messages/@praveen/,Mouse,4
12:02,Java,7,,,quiz,https://www.udacity.com/course/viewer#!/c-cs046/l-176475143/e-213489302/m-213489304,Tab,Tab Switched
12:02,,,,,,,Window,Window maximized
12:04,,other,,,,https://www.workingon.co/work,Tab,Tab Switched
12:04,,,,,,,Window,Window -Possible Minimize
12:05,,other,,,,https://taralabs.slack.com/messages/@praveen/,Tab,Tab Switched
12:05,,other,,,,https://taralabs.slack.com/messages/veda-java-progress/,Tab,New Tab
12:05,,other,,,,https://www.workingon.co/work,Tab,New Tab
12:05,,gm,,,,https://mail.google.com/mail/u/0/#inbox,Tab,Tab Switched
12:05,,other,,,,https://taralabs.slack.com/messages/veda-java-progress/,Tab,Tab Switched
12:05,,other,,,,https://taralabs.slack.com/messages/@praveen/,Tab,New Tab
12:06,Java,7,,,quiz,https://www.udacity.com/course/viewer#!/c-cs046/l-176475143/e-213489302/m-213489304,Tab,Tab Switched
12:06,,other,,,,https://taralabs.slack.com/messages/@praveen/,Mouse,9
12:06,Java,7,,,quiz,https://www.udacity.com/course/viewer#!/c-cs046/l-176475143/e-213489302/m-213489304,Mouse,19
12:06,Java,7,,,quiz_answer,https://www.udacity.com/course/viewer#!/c-cs046/l-176475143/e-213489302/m-213489305,Tab,New Tab
12:06,,other,,,,https://taralabs.slack.com/messages/@praveen/,Tab,Tab Switched
12:06,,other,,,,https://taralabs.slack.com/messages/@praveen/,Mouse,3
12:06,Java,8,,,video,https://www.udacity.com/course/viewer#!/c-cs046/l-176475143/m-212508592,Tab,New Tab
12:06,Java,7,,,quiz_answer,https://www.udacity.com/course/viewer#!/c-cs046/l-176475143/e-213489302/m-213489305,Tab,Tab Switched
12:07,,,,,,,Window,Window maximized
12:07,,,,,,,Window,Window -Possible Minimize
12:07,Java,8,,,video,https://www.udacity.com/course/viewer#!/c-cs046/l-176475143/m-212508592,Tab,New Tab
12:07,,,,,,,Window,Window maximized
12:08,Java,8,,,video,https://www.udacity.com/course/viewer#!/c-cs046/l-176475143/m-212508592,Screen,idle
12:09,Java,9,,,video,https://www.udacity.com/course/viewer#!/c-cs046/l-176475143/m-212548618,Tab,New Tab
12:11,Java,10,,,quiz_video,https://www.udacity.com/course/viewer#!/c-cs046/l-176475143/e-177171508/m-176976481,Tab,New Tab
12:11,Java,10,,,programming,https://www.udacity.com/course/viewer#!/c-cs046/l-176475143/e-177171508/m-177255466,Tab,New Tab
12:11,Java,10,,,programming,https://www.udacity.com/course/viewer#!/c-cs046/l-176475143/e-177171508/m-177255466,Screen,active
12:13,Java,10,,,programming,https://www.udacity.com/course/viewer#!/c-cs046/l-176475143/e-177171508/m-177255466,Key,279
12:13,,other,,,,https://www.workingon.co/work,Tab,Tab Switched
12:13,,,,,,,Window,Window -Possible Minimize
12:13,Java,10,,,programming,https://www.udacity.com/course/viewer#!/c-cs046/l-176475143/e-177171508/m-177255466,Selected,359
12:13,,other,,,,https://www.udacity.com/me#!/,Tab,Tab Switched
12:13,Java,10,,,programming,https://www.udacity.com/course/viewer#!/c-cs046/l-176475143/e-177171508/m-177255466,Tab,Tab Switched
12:13,,other,,,,https://www.workingon.co/work,Tab,New Tab
12:13,,other,,,,https://www.workingon.co/work,Mouse,18
12:13,Java,10,,,quiz_answer,https://www.udacity.com/course/viewer#!/c-cs046/l-176475143/e-177171508/m-176976482,Tab,New Tab
12:13,,other,,,,https://www.workingon.co/work,Tab,Tab Switched
12:14,Java,10,,,quiz_answer,https://www.udacity.com/course/viewer#!/c-cs046/l-176475143/e-177171508/m-176976482,Tab,Tab Switched
12:14,,other,,,,https://www.workingon.co/work,Tab,Tab Switched
12:14,,other,,,,https://www.workingon.co/work,Tab,New Tab
12:14,Java,10,,,quiz_answer,https://www.udacity.com/course/viewer#!/c-cs046/l-176475143/e-177171508/m-176976482,Tab,Tab Switched
12:14,Java,11,,,quiz_video,https://www.udacity.com/course/viewer#!/c-cs046/l-176475143/e-177034951/m-176976483,Tab,New Tab
12:14,Java,11,,,quiz,https://www.udacity.com/course/viewer#!/c-cs046/l-176475143/e-177034951/m-177255467,Tab,New Tab
12:14,,other,,,,https://www.workingon.co/work,Tab,Tab Switched
12:15,,other,,,,https://www.workingon.co/work,Tab,New Tab
12:15,Java,11,,,quiz,https://www.udacity.com/course/viewer#!/c-cs046/l-176475143/e-177034951/m-177255467,Tab,Tab Switched
12:16,Java,11,,,quiz_answer,https://www.udacity.com/course/viewer#!/c-cs046/l-176475143/e-177034951/m-176976484,Tab,New Tab
12:16,Java,11,,,quiz,https://www.udacity.com/course/viewer#!/c-cs046/l-176475143/e-177034951/m-177255467,Key,130
12:16,Java,11,,,quiz_answer,https://www.udacity.com/course/viewer#!/c-cs046/l-176475143/e-177034951/m-176976484,Mouse,8
12:16,Java,11,,,quiz,https://www.udacity.com/course/viewer#!/c-cs046/l-176475143/e-177034951/m-177255467,Tab,New Tab
12:16,Java,11,,,quiz_answer,https://www.udacity.com/course/viewer#!/c-cs046/l-176475143/e-177034951/m-176976484,Mouse,0
12:16,Java,11,,,quiz_answer,https://www.udacity.com/course/viewer#!/c-cs046/l-176475143/e-177034951/m-176976484,Tab,New Tab
12:16,Java,11,,,quiz,https://www.udacity.com/course/viewer#!/c-cs046/l-176475143/e-177034951/m-177255467,Key,132
12:16,,other,,,,https://www.workingon.co/work,Tab,Tab Switched
12:17,Java,11,,,quiz_answer,https://www.udacity.com/course/viewer#!/c-cs046/l-176475143/e-177034951/m-176976484,Tab,Tab Switched
12:17,,other,,,,https://www.workingon.co/work,Tab,New Tab
12:17,Java,12,,,video,https://www.udacity.com/course/viewer#!/c-cs046/l-176475143/m-176976474,Tab,New Tab
12:18,Java,12,,,video,https://www.udacity.com/course/viewer#!/c-cs046/l-176475143/m-176976474,Screen,idle
12:18,Java,12,,,video,https://www.udacity.com/course/viewer#!/c-cs046/l-176475143/m-176976474,Screen,active
12:19,Java,12,,,video,https://www.udacity.com/course/viewer#!/c-cs046/l-176475143/m-176976474,Screen,idle
12:21,Java,13,,,quiz_video,https://www.udacity.com/course/viewer#!/c-cs046/l-176475143/e-177222410/m-176976485,Tab,New Tab
12:21,Java,13,,,quiz_video,https://www.udacity.com/course/viewer#!/c-cs046/l-176475143/e-177222410/m-176976485,Screen,active
12:21,Java,13,,,quiz,https://www.udacity.com/course/viewer#!/c-cs046/l-176475143/e-177222410/m-177191715,Tab,New Tab
12:21,,other,,,,https://www.workingon.co/work,Tab,Tab Switched
12:21,Java,13,,,quiz,https://www.udacity.com/course/viewer#!/c-cs046/l-176475143/e-177222410/m-177191715,Tab,Tab Switched
12:21,,other,,,,https://www.workingon.co/work,Tab,New Tab
12:22,,other,,,,https://www.workingon.co/work,Key,18
12:22,,other,,,,https://www.udacity.com/course/viewer#!/c-cs046/l-208887248/e-209002339/m-209002340,Tab,Tab Switched
12:22,,other,,,,https://www.udacity.com/course/viewer#!/c-cs046/l-208887248/e-209002339/m-209002340,Tab,New Tab
12:22,Java,13,,,quiz,https://www.udacity.com/course/viewer#!/c-cs046/l-176475143/e-177222410/m-177191715,Tab,Tab Switched
12:22,,other,,,,https://www.udacity.com/course/viewer#!/c-cs046/l-208887248/e-209002339/m-209002340,Mouse,0
12:22,,other,,,,https://www.udacity.com/course/viewer#!/c-cs046/l-208887248/e-209002339/m-209002340,Mouse,1
12:22,Java,13,,,quiz,https://www.udacity.com/course/viewer#!/c-cs046/l-176475143/e-177222410/m-177191715,Key,39
12:22,Java,13,,,quiz_answer,https://www.udacity.com/course/viewer#!/c-cs046/l-176475143/e-177222410/m-176976486,Tab,New Tab
12:22,,other,,,,https://www.workingon.co/work,Tab,Tab Switched
12:22,,other,,,,https://taralabs.slack.com/messages/@praveen/,Tab,Tab Switched
12:22,,other,,,,https://www.workingon.co/work,Tab,New Tab
12:22,,other,,,,https://taralabs.slack.com/messages/veda-java-progress/,Tab,New Tab
12:22,Java,13,,,quiz_answer,https://www.udacity.com/course/viewer#!/c-cs046/l-176475143/e-177222410/m-176976486,Tab,Tab Switched
12:23,,other,,,,https://taralabs.slack.com/messages/veda-java-progress/,Tab,Tab Switched
12:23,,other,,,,https://taralabs.slack.com/messages/@praveen/,Tab,New Tab
12:23,,other,,,,https://www.udacity.com/course/viewer#!/c-cs046/l-208887248/e-209002339/m-209002340,Tab,Tab Switched
12:23,Java,13,,,quiz_answer,https://www.udacity.com/course/viewer#!/c-cs046/l-176475143/e-177222410/m-176976486,Tab,Tab Switched
12:23,Java,14,,,quiz_video,https://www.udacity.com/course/viewer#!/c-cs046/l-176475143/e-177079650/m-176976475,Tab,New Tab
12:23,Java,13,,,quiz_answer,https://www.udacity.com/course/viewer#!/c-cs046/l-176475143/e-177222410/m-176976486,Mouse,13
12:24,,,,,,,Tab,Tab Closed [TabID:25]
12:24,,,,,,,Tab,Tab Closed [TabID:10]
12:25,Java,14,,,quiz_video,https://www.udacity.com/course/viewer#!/c-cs046/l-176475143/e-177079650/m-176976475,Screen,idle
12:26,Java,14,,,mcq,https://www.udacity.com/course/viewer#!/c-cs046/l-176475143/e-177079650/m-177120576,Tab,New Tab
12:26,Java,14,,,mcq,https://www.udacity.com/course/viewer#!/c-cs046/l-176475143/e-177079650/m-177120576,Screen,active
12:26,,other,,,,https://www.workingon.co/work,Tab,Tab Switched
12:27,,other,,,,https://www.workingon.co/work,Tab,New Tab
12:27,,other,,,,https://www.udacity.com/me#!/,Tab,Tab Switched
12:27,Java,14,,,mcq,https://www.udacity.com/course/viewer#!/c-cs046/l-176475143/e-177079650/m-177120576,Tab,Tab Switched
12:27,Java,14,,,mcq,https://www.udacity.com/course/viewer#!/c-cs046/l-176475143/e-177079650/m-177120576,Mouse,17
12:27,Java,14,,,quiz_answer,https://www.udacity.com/course/viewer#!/c-cs046/l-176475143/e-177079650/m-177079651,Tab,New Tab
12:27,,other,,,,https://www.workingon.co/work,Tab,Tab Switched
12:27,Java,14,,,quiz_answer,https://www.udacity.com/course/viewer#!/c-cs046/l-176475143/e-177079650/m-177079651,Tab,Tab Switched
12:27,,other,,,,https://www.workingon.co/work,Tab,New Tab
12:27,Java,15,,,quiz_video,https://www.udacity.com/course/viewer#!/c-cs046/l-176475143/e-176644158/m-176976487,Tab,New Tab
12:28,Java,15,,,radio,https://www.udacity.com/course/viewer#!/c-cs046/l-176475143/e-176644158/m-177051170,Tab,New Tab
12:28,,other,,,,https://www.workingon.co/work,Tab,Tab Switched
12:28,,other,,,,https://www.workingon.co/work,Tab,New Tab
12:28,Java,15,,,radio,https://www.udacity.com/course/viewer#!/c-cs046/l-176475143/e-176644158/m-177051170,Tab,Tab Switched
12:28,Java,15,,,radio,https://www.udacity.com/course/viewer#!/c-cs046/l-176475143/e-176644158/m-177051170,Mouse,18
12:28,Java,15,,,quiz_answer,https://www.udacity.com/course/viewer#!/c-cs046/l-176475143/e-176644158/m-176976488,Tab,New Tab
12:29,Java,16,,,quiz_video,https://www.udacity.com/course/viewer#!/c-cs046/l-176475143/e-177067862/m-176976489,Tab,New Tab
12:29,,other,,,,https://www.workingon.co/work,Tab,Tab Switched
12:29,,other,,,,https://www.workingon.co/work,Tab,New Tab
12:29,,other,,,,https://taralabs.slack.com/messages/@praveen/,Tab,Tab Switched
12:29,Java,16,,,quiz_video,https://www.udacity.com/course/viewer#!/c-cs046/l-176475143/e-177067862/m-176976489,Tab,Tab Switched
12:30,Java,16,,,radio,https://www.udacity.com/course/viewer#!/c-cs046/l-176475143/e-177067862/m-176586304,Tab,New Tab
12:30,,other,,,,https://www.workingon.co/work,Tab,Tab Switched
12:31,,other,,,,https://www.workingon.co/work,Tab,New Tab
12:31,Java,16,,,radio,https://www.udacity.com/course/viewer#!/c-cs046/l-176475143/e-177067862/m-176586304,Tab,Tab Switched
12:31,Java,16,,,radio,https://www.udacity.com/course/viewer#!/c-cs046/l-176475143/e-177067862/m-176586304,Mouse,22
12:31,Java,16,,,quiz_answer,https://www.udacity.com/course/viewer#!/c-cs046/l-176475143/e-177067862/m-176976490,Tab,New Tab
12:31,,other,,,,https://www.workingon.co/work,Tab,Tab Switched
12:31,Java,16,,,quiz_answer,https://www.udacity.com/course/viewer#!/c-cs046/l-176475143/e-177067862/m-176976490,Tab,Tab Switched
12:32,Java,17,,,video,https://www.udacity.com/course/viewer#!/c-cs046/l-176475143/m-179427103,Tab,New Tab
12:32,,other,,,,https://www.workingon.co/work,Tab,Tab Switched
12:32,Java,17,,,video,https://www.udacity.com/course/viewer#!/c-cs046/l-176475143/m-179427103,Tab,Tab Switched
12:32,,other,,,,https://www.workingon.co/work,Tab,New Tab
12:32,Java,18,,,quiz_video,https://www.udacity.com/course/viewer#!/c-cs046/l-176475143/e-176218235/m-176976476,Tab,New Tab
12:32,,other,,,,https://www.workingon.co/work,Tab,Tab Switched
12:33,Java,18,,,quiz_video,https://www.udacity.com/course/viewer#!/c-cs046/l-176475143/e-176218235/m-176976476,Tab,Tab Switched
12:34,Java,18,,,quiz_video,https://www.udacity.com/course/viewer#!/c-cs046/l-176475143/e-176218235/m-176976476,Screen,idle
12:34,Java,18,,,radio,https://www.udacity.com/course/viewer#!/c-cs046/l-176475143/e-176218235/m-176671251,Tab,New Tab
12:34,Java,18,,,radio,https://www.udacity.com/course/viewer#!/c-cs046/l-176475143/e-176218235/m-176671251,Screen,active
12:34,,other,,,,https://www.workingon.co/work,Tab,Tab Switched
12:34,Java,18,,,radio,https://www.udacity.com/course/viewer#!/c-cs046/l-176475143/e-176218235/m-176671251,Tab,Tab Switched
12:34,,other,,,,https://www.workingon.co/work,Tab,New Tab
12:34,Java,18,,,quiz_answer,https://www.udacity.com/course/viewer#!/c-cs046/l-176475143/e-176218235/m-176976477,Tab,New Tab
12:34,,other,,,,https://taralabs.slack.com/messages/@praveen/,Tab,Tab Switched
12:34,,other,,,,https://taralabs.slack.com/messages/veda-java-progress/,Tab,New Tab
12:35,Java,18,,,quiz_answer,https://www.udacity.com/course/viewer#!/c-cs046/l-176475143/e-176218235/m-176976477,Tab,Tab Switched
12:35,Java,19,,,quiz_video,https://www.udacity.com/course/viewer#!/c-cs046/l-176475143/e-177171507/m-176976478,Tab,New Tab
12:35,,other,,,,https://www.workingon.co/work,Tab,Tab Switched
12:35,Java,19,,,quiz_video,https://www.udacity.com/course/viewer#!/c-cs046/l-176475143/e-177171507/m-176976478,Tab,Tab Switched
12:35,,other,,,,https://www.workingon.co/work,Tab,New Tab
12:36,Java,19,,,quiz,https://www.udacity.com/course/viewer#!/c-cs046/l-176475143/e-177171507/m-177099924,Tab,New Tab
12:37,Java,19,,,quiz,https://www.udacity.com/course/viewer#!/c-cs046/l-176475143/e-177171507/m-177099924,Key,19
12:37,,other,,,,https://www.workingon.co/work,Tab,Tab Switched
12:37,,other,,,,https://www.workingon.co/work,Tab,New Tab
12:37,Java,19,,,quiz,https://www.udacity.com/course/viewer#!/c-cs046/l-176475143/e-177171507/m-177099924,Tab,Tab Switched
12:38,Java,19,,,quiz_answer,https://www.udacity.com/course/viewer#!/c-cs046/l-176475143/e-177171507/m-176976479,Tab,New Tab
12:38,Java,19,,,quiz,https://www.udacity.com/course/viewer#!/c-cs046/l-176475143/e-177171507/m-177099924,Key,43
12:39,,other,,,,https://www.workingon.co/work,Tab,Tab Switched
12:39,Java,19,,,quiz_answer,https://www.udacity.com/course/viewer#!/c-cs046/l-176475143/e-177171507/m-176976479,Tab,Tab Switched
12:39,,other,,,,https://www.workingon.co/work,Tab,New Tab
12:39,Java,20,,,quiz_video,https://www.udacity.com/course/viewer#!/c-cs046/l-176475143/e-177079652/m-176976480,Tab,New Tab
12:41,,other,,,,https://www.workingon.co/work,Tab,Tab Switched
12:41,Java,20,,,quiz_video,https://www.udacity.com/course/viewer#!/c-cs046/l-176475143/e-177079652/m-176976480,Tab,Tab Switched
12:41,Java,20,,,quiz,https://www.udacity.com/course/viewer#!/c-cs046/l-176475143/e-177079652/m-177044009,Tab,New Tab
12:42,,other,,,,https://www.workingon.co/work,Tab,Tab Switched
12:42,Java,20,,,quiz,https://www.udacity.com/course/viewer#!/c-cs046/l-176475143/e-177079652/m-177044009,Key,11
12:42,Java,20,,,quiz,https://www.udacity.com/course/viewer#!/c-cs046/l-176475143/e-177079652/m-177044009,Tab,Tab Switched
12:42,,other,,,,https://www.workingon.co/work,Tab,New Tab
12:42,,other,,,,https://www.workingon.co/work,Key,11
12:42,,other,,,,https://www.workingon.co/work,Tab,Tab Switched
12:42,Java,20,,,quiz,https://www.udacity.com/course/viewer#!/c-cs046/l-176475143/e-177079652/m-177044009,Tab,Tab Switched
12:42,Java,20,,,quiz_answer,https://www.udacity.com/course/viewer#!/c-cs046/l-176475143/e-177079652/m-177079653,Tab,New Tab
12:42,,other,,,,https://www.workingon.co/work,Tab,Tab Switched
12:43,Java,20,,,quiz_answer,https://www.udacity.com/course/viewer#!/c-cs046/l-176475143/e-177079652/m-177079653,Tab,Tab Switched
12:43,,other,,,,https://www.workingon.co/work,Tab,New Tab
12:43,Java,21,,,quiz_video,https://www.udacity.com/course/viewer#!/c-cs046/l-176475143/e-177067863/m-176976491,Tab,New Tab
12:43,Java,21,,,quiz,https://www.udacity.com/course/viewer#!/c-cs046/l-176475143/e-177067863/m-177241577,Tab,New Tab
12:44,,other,,,,https://www.workingon.co/work,Tab,Tab Switched
12:45,Java,21,,,quiz,https://www.udacity.com/course/viewer#!/c-cs046/l-176475143/e-177067863/m-177241577,Tab,Tab Switched
12:45,,,,,,,Tab,Tab Closed [TabID:29]
12:45,,other,,,,https://www.workingon.co/work,Tab,New Tab
12:47,,,,,,,Window,Window maximized
12:47,,other,,,,https://www.workingon.co/work,Key,80
12:47,Java,21,,,quiz_answer,https://www.udacity.com/course/viewer#!/c-cs046/l-176475143/e-177067863/m-176976492,Tab,New Tab
12:47,Java,21,,,quiz,https://www.udacity.com/course/viewer#!/c-cs046/l-176475143/e-177067863/m-177241577,Tab,New Tab
12:49,,,,,,,Window,Window -Possible Minimize
12:49,Java,21,,,quiz,https://www.udacity.com/course/viewer#!/c-cs046/l-176475143/e-177067863/m-177241577,Screen,idle
12:53,Java,21,,,quiz,https://www.udacity.com/course/viewer#!/c-cs046/l-176475143/e-177067863/m-177241577,Screen,active
12:53,,other,,,,https://www.udacity.com/me#!/,Tab,Tab Switched
12:53,,other,,,,https://www.workingon.co/work,Tab,Tab Switched
12:53,,other,,,,https://taralabs.slack.com/messages/veda-java-progress/,Tab,Tab Switched
12:53,,other,,,,https://www.workingon.co/work,Tab,New Tab
12:53,,other,,,,https://taralabs.slack.com/messages/@praveen/,Tab,New Tab
12:53,,other,,,,https://taralabs.slack.com/messages/@praveen/,Mouse,3
12:53,Java,21,,,quiz,https://www.udacity.com/course/viewer#!/c-cs046/l-176475143/e-177067863/m-177241577,Tab,Tab Switched
12:53,Java,21,,,quiz_answer,https://www.udacity.com/course/viewer#!/c-cs046/l-176475143/e-177067863/m-176976492,Tab,New Tab
12:54,Java,22,,,quiz_video,https://www.udacity.com/course/viewer#!/c-cs046/l-176475143/e-177067864/m-176976493,Tab,New Tab
12:54,,other,,,,https://www.workingon.co/work,Tab,Tab Switched
12:55,Java,22,,,quiz_video,https://www.udacity.com/course/viewer#!/c-cs046/l-176475143/e-177067864/m-176976493,Tab,Tab Switched
12:55,Java,22,,,quiz,https://www.udacity.com/course/viewer#!/c-cs046/l-176475143/e-177067864/m-177257506,Tab,New Tab
12:55,,other,,,,https://www.udacity.com/me#!/,Tab,Tab Switched
12:55,,other,,,,https://www.workingon.co/work,Tab,Tab Switched
12:55,Java,22,,,quiz,https://www.udacity.com/course/viewer#!/c-cs046/l-176475143/e-177067864/m-177257506,Tab,Tab Switched
12:55,,other,,,,https://www.workingon.co/work,Tab,New Tab
12:57,,other,,,,https://www.workingon.co/work,Tab,Tab Switched
12:57,,other,,,,https://www.workingon.co/work,Key,39
12:57,Java,22,,,quiz,https://www.udacity.com/course/viewer#!/c-cs046/l-176475143/e-177067864/m-177257506,Tab,Tab Switched
12:57,Java,22,,,quiz_answer,https://www.udacity.com/course/viewer#!/c-cs046/l-176475143/e-177067864/m-176976494,Tab,New Tab
12:57,,other,,,,https://www.workingon.co/work,Tab,New Tab
12:57,Java,22,,,quiz,https://www.udacity.com/course/viewer#!/c-cs046/l-176475143/e-177067864/m-177257506,Tab,New Tab
12:58,Java,22,,,quiz,https://www.udacity.com/course/viewer#!/c-cs046/l-176475143/e-177067864/m-177257506,Key,23
12:58,Java,22,,,quiz_answer,https://www.udacity.com/course/viewer#!/c-cs046/l-176475143/e-177067864/m-176976494,Tab,New Tab
12:58,Java,23,,,quiz_video,https://www.udacity.com/course/viewer#!/c-cs046/l-176475143/e-177109724/m-176976495,Tab,New Tab
12:58,,other,,,,https://www.udacity.com/me#!/,Tab,Tab Switched
12:58,,other,,,,https://www.workingon.co/work,Tab,Tab Switched
12:58,Java,23,,,quiz_video,https://www.udacity.com/course/viewer#!/c-cs046/l-176475143/e-177109724/m-176976495,Tab,Tab Switched
12:58,,other,,,,https://www.workingon.co/work,Tab,Tab Switched
12:58,Java,23,,,quiz_video,https://www.udacity.com/course/viewer#!/c-cs046/l-176475143/e-177109724/m-176976495,Tab,Tab Switched
12:58,Java,23,,,quiz,https://www.udacity.com/course/viewer#!/c-cs046/l-176475143/e-177109724/m-177134684,Tab,New Tab
12:59,,other,,,,https://www.workingon.co/work,Tab,Tab Switched
12:59,,other,,,,https://www.workingon.co/work,Tab,New Tab
12:59,Java,23,,,quiz,https://www.udacity.com/course/viewer#!/c-cs046/l-176475143/e-177109724/m-177134684,Tab,Tab Switched
13:02,Java,23,,,quiz_answer,https://www.udacity.com/course/viewer#!/c-cs046/l-176475143/e-177109724/m-176976496,Tab,New Tab
13:02,,other,,,,https://www.workingon.co/work,Key,49
13:03,Java,23,,,quiz,https://www.udacity.com/course/viewer#!/c-cs046/l-176475143/e-177109724/m-177134684,Tab,New Tab
13:05,Java,23,,,quiz_answer,https://www.udacity.com/course/viewer#!/c-cs046/l-176475143/e-177109724/m-176976496,Tab,New Tab
13:06,Java,23,,,quiz,https://www.udacity.com/course/viewer#!/c-cs046/l-176475143/e-177109724/m-177134684,Tab,New Tab
13:06,Java,23,,,quiz,https://www.udacity.com/course/viewer#!/c-cs046/l-176475143/e-177109724/m-177134684,Key,55
13:06,,other,,,,https://taralabs.slack.com/messages/@praveen/,Tab,Tab Switched
13:06,,other,,,,https://www.workingon.co/work,Tab,Tab Switched
13:06,Java,23,,,quiz,https://www.udacity.com/course/viewer#!/c-cs046/l-176475143/e-177109724/m-177134684,Tab,Tab Switched
13:06,Java,23,,,quiz_answer,https://www.udacity.com/course/viewer#!/c-cs046/l-176475143/e-177109724/m-176976496,Tab,New Tab
13:07,,other,,,,https://www.workingon.co/work,Tab,Tab Switched
13:07,Java,23,,,quiz_answer,https://www.udacity.com/course/viewer#!/c-cs046/l-176475143/e-177109724/m-176976496,Tab,Tab Switched
13:07,,other,,,,https://www.workingon.co/work,Tab,New Tab
13:07,Java,24,,,quiz_video,https://www.udacity.com/course/viewer#!/c-cs046/l-176475143/e-177109725/m-176976497,Tab,New Tab
13:07,,other,,,,https://taralabs.slack.com/messages/@praveen/,Tab,Tab Switched
13:07,,other,,,,https://taralabs.slack.com/messages/veda-java-progress/,Tab,New Tab
13:07,Java,24,,,quiz_video,https://www.udacity.com/course/viewer#!/c-cs046/l-176475143/e-177109725/m-176976497,Tab,Tab Switched
13:07,Java,24,,,radio,https://www.udacity.com/course/viewer#!/c-cs046/l-176475143/e-177109725/m-176175795,Tab,New Tab
13:07,,other,,,,https://www.workingon.co/work,Tab,Tab Switched
13:08,Java,24,,,radio,https://www.udacity.com/course/viewer#!/c-cs046/l-176475143/e-177109725/m-176175795,Tab,Tab Switched
13:08,,other,,,,https://www.workingon.co/work,Tab,New Tab
13:08,Java,24,,,quiz_answer,https://www.udacity.com/course/viewer#!/c-cs046/l-176475143/e-177109725/m-176976498,Tab,New Tab
13:08,,other,,,,https://www.workingon.co/work,Tab,Tab Switched
13:08,Java,24,,,quiz_answer,https://www.udacity.com/course/viewer#!/c-cs046/l-176475143/e-177109725/m-176976498,Tab,Tab Switched
13:08,,other,,,,https://www.workingon.co/work,Tab,New Tab
13:08,Java,25,,,quiz_video,https://www.udacity.com/course/viewer#!/c-cs046/l-176475143/e-177179588/m-176976499,Tab,New Tab
13:08,,other,,,,https://www.workingon.co/work,Tab,Tab Switched
13:08,,other,,,,https://www.workingon.co/work,Tab,New Tab
13:08,Java,25,,,quiz_video,https://www.udacity.com/course/viewer#!/c-cs046/l-176475143/e-177179588/m-176976499,Tab,Tab Switched
13:09,Java,25,,,radio,https://www.udacity.com/course/viewer#!/c-cs046/l-176475143/e-177179588/m-177034270,Tab,New Tab
13:10,,other,,,,https://www.workingon.co/work,Tab,Tab Switched
13:10,Java,25,,,radio,https://www.udacity.com/course/viewer#!/c-cs046/l-176475143/e-177179588/m-177034270,Tab,Tab Switched
13:10,Java,25,,,quiz_answer,https://www.udacity.com/course/viewer#!/c-cs046/l-176475143/e-177179588/m-176976500,Tab,New Tab
13:10,,other,,,,https://www.workingon.co/work,Tab,Tab Switched
13:10,Java,25,,,quiz_answer,https://www.udacity.com/course/viewer#!/c-cs046/l-176475143/e-177179588/m-176976500,Tab,Tab Switched
13:10,,other,,,,https://www.workingon.co/work,Tab,New Tab
13:10,Java,26,,,video,https://www.udacity.com/course/viewer#!/c-cs046/l-176475143/m-179427101,Tab,New Tab
13:10,,other,,,,https://taralabs.slack.com/messages/veda-java-progress/,Tab,Tab Switched
13:10,,other,,,,https://taralabs.slack.com/messages/@praveen/,Tab,New Tab
13:11,Java,26,,,video,https://www.udacity.com/course/viewer#!/c-cs046/l-176475143/m-179427101,Tab,Tab Switched
13:11,,other,,,,https://taralabs.slack.com/messages/@praveen/,Mouse,4
13:11,Java,27,,,video,https://www.udacity.com/course/viewer#!/c-cs046/l-176475143/m-178422830,Tab,New Tab
13:11,,other,,,,https://www.workingon.co/work,Tab,Tab Switched
13:11,Java,27,,,video,https://www.udacity.com/course/viewer#!/c-cs046/l-176475143/m-178422830,Tab,Tab Switched
13:11,,other,,,,https://www.workingon.co/work,Tab,Tab Switched
13:11,,other,,,,https://www.workingon.co/work,Tab,New Tab
13:11,Java,27,,,video,https://www.udacity.com/course/viewer#!/c-cs046/l-176475143/m-178422830,Tab,Tab Switched
13:11,,other,,,,https://taralabs.slack.com/messages/@praveen/,Tab,Tab Switched
13:11,,other,,,,https://taralabs.slack.com/messages/veda-java-progress/,Tab,New Tab
13:12,,other,,,,https://taralabs.slack.com/messages/veda-java-progress/,Screen,locked
13:55,,other,,,,https://taralabs.slack.com/messages/veda-java-progress/,Screen,active
13:55,,,,,,,Window,Window maximized
13:55,,,,,,,Window,Window -Possible Minimize
13:55,,other,,,,https://www.workingon.co/work,Tab,Tab Switched
13:56,,other,,,,https://github.com/,Tab,New Tab
13:56,,other,,,,https://github.com/,Mouse,1
13:56,,other,,,,https://github.com/veda-vyas/MSIT-Java-CourseWare,Tab,New Tab
13:58,,,,,,,Window,Window maximized
14:03,,other,,,,https://github.com/veda-vyas/MSIT-Java-CourseWare,Tab,New Tab
14:03,,other,,,,https://github.com/veda-vyas/MSIT-Java-CourseWare,Mouse,1
14:03,,other,,,,https://github.com/veda-vyas/MSIT-Java-CourseWare/tree/master/javascripts,Tab,New Tab
14:03,,other,,,,https://github.com/veda-vyas/MSIT-Java-CourseWare/tree/master/javascripts,Mouse,1
14:03,,other,,,,https://github.com/veda-vyas/MSIT-Java-CourseWare/tree/master/javascripts,Tab,New Tab
14:03,,other,,,,https://github.com/veda-vyas/MSIT-Java-CourseWare/blob/master/javascripts/modulejs.js,Tab,New Tab
14:03,,other,,,,https://github.com/veda-vyas/MSIT-Java-CourseWare/blob/master/javascripts/modulejs.js,Mouse,2
14:03,,other,,,,https://github.com/veda-vyas/MSIT-Java-CourseWare/blob/master/javascripts/modulejs.js,Tab,New Tab
14:03,,other,,,,https://github.com/veda-vyas/MSIT-Java-CourseWare,Tab,New Tab
14:03,,other,,,,https://github.com/veda-vyas/MSIT-Java-CourseWare,Mouse,2
14:03,,other,,,,https://github.com/veda-vyas/MSIT-Java-CourseWare,Tab,New Tab
14:07,,other,,,,https://github.com/veda-vyas/MSIT-Java-CourseWare,Screen,idle
14:07,,other,,,,https://github.com/veda-vyas/MSIT-Java-CourseWare,Mouse,9
14:08,,other,,,,https://github.com/veda-vyas/MSIT-Java-CourseWare,Screen,active
14:08,,,,,,,Window,Window -Possible Minimize
14:08,,other,,,,https://taralabs.slack.com/messages/veda-java-progress/,Tab,Tab Switched
14:09,,other,,,,https://taralabs.slack.com/messages/veda-java-progress/,Mouse,8
14:09,,other,,,,https://taralabs.slack.com/messages/@praveen/,Tab,New Tab
14:10,,,,,,,Window,Window maximized
14:10,,,,,,,Window,Window -Possible Minimize
14:12,,other,,,,https://taralabs.slack.com/messages/@praveen/,Mouse,8
14:12,,,,,,,Window,Window maximized
14:12,,,,,,,Window,Window -Possible Minimize
14:12,,other,,,,https://github.com/veda-vyas/MSIT-Java-CourseWare,Tab,Tab Switched
14:13,,,,,,,Window,Window maximized
14:13,,other,,,,https://github.com/veda-vyas/MSIT-Java-CourseWare,Mouse,6
14:13,,other,,,,https://github.com/veda-vyas/MSIT-Java-CourseWare,Tab,New Tab
14:14,,other,,,,https://github.com/veda-vyas/MSIT-Java-CourseWare,Screen,idle
14:15,,other,,,,https://github.com/veda-vyas/MSIT-Java-CourseWare,Screen,active
14:16,,s,,,,https://www.google.co.in/webhp?sourceid=chrome-instant&ion=1&espv=2&ie=UTF-8,Tab,Tab Switched
14:16,,,,,,,Window,Window -Possible Minimize
14:16,,s,,,,https://www.google.co.in/webhp?sourceid=chrome-instant&ion=1&espv=2&ie=UTF-8#q=compare%20two%20json%20files%20online,Tab,New Tab
14:17,,,,,,,Window,Window maximized
14:19,,s,,,,https://www.google.co.in/webhp?sourceid=chrome-instant&ion=1&espv=2&ie=UTF-8#q=compare%20two%20json%20files%20online,Tab,New Tab
14:19,,other,,,,http://prettydiff.com/,Tab,New Tab
14:22,,other,,,,https://github.com/veda-vyas/MSIT-Java-CourseWare,Tab,Tab Switched
14:22,,,,,,,Tab,Tab Closed [TabID:35]
14:22,,,,,,,Window,Window -Possible Minimize
14:24,,,,,,,Window,Window maximized
14:25,,other,,,,https://github.com/veda-vyas/MSIT-Java-CourseWare/tree/master/images,Tab,New Tab
14:25,,other,,,,https://github.com/veda-vyas/MSIT-Java-CourseWare,Mouse,8
14:25,,other,,,,https://github.com/veda-vyas/MSIT-Java-CourseWare/tree/master/images,Tab,New Tab
14:25,,other,,,,https://github.com/veda-vyas/MSIT-Java-CourseWare/tree/master/images,Mouse,5
14:25,,other,,,,https://github.com/veda-vyas/MSIT-Java-CourseWare,Tab,New Tab
14:25,,other,,,,https://github.com/veda-vyas/MSIT-Java-CourseWare,Tab,New Tab
14:25,,other,,,,https://github.com/veda-vyas/MSIT-Java-CourseWare,Mouse,5
14:26,,other,,,,https://github.com/veda-vyas/MSIT-Java-CourseWare,Mouse,10
14:26,,other,,,,https://github.com/veda-vyas/MSIT-Java-CourseWare/blob/master/moduledata.json,Tab,New Tab
14:26,,other,,,,https://github.com/veda-vyas/MSIT-Java-CourseWare/blob/master/moduledata.json,Tab,New Tab
14:26,,other,,,,https://github.com/veda-vyas/MSIT-Java-CourseWare/blob/master/moduledata.json,Mouse,6
14:29,,other,,,,https://github.com/veda-vyas/MSIT-Java-CourseWare/blob/master/moduledata.json,Mouse,22
14:29,,other,,,,https://github.com/veda-vyas/MSIT-Java-CourseWare/edit/master/moduledata.json,Tab,New Tab
14:31,,other,,,,https://github.com/veda-vyas/MSIT-Java-CourseWare/blob/master/moduledata.json,Tab,New Tab
14:31,,other,,,,https://github.com/veda-vyas/MSIT-Java-CourseWare,Mouse,1
14:31,,other,,,,https://github.com/veda-vyas/MSIT-Java-CourseWare,Tab,New Tab
14:31,,other,,,,https://github.com/veda-vyas/MSIT-Java-CourseWare/blob/master/moduledata.json,Tab,New Tab
14:31,,other,,,,https://github.com/veda-vyas/MSIT-Java-CourseWare,Tab,New Tab
14:31,,,,,,,Window,Window -Possible Minimize
14:32,,,,,,,Window,Window maximized
14:32,,other,,,,https://github.com/veda-vyas/MSIT-Java-CourseWare/tree/master/images,Tab,New Tab
14:32,,other,,,,https://github.com/veda-vyas/MSIT-Java-CourseWare/tree/master/images,Tab,New Tab
14:32,,other,,,,https://github.com/veda-vyas/MSIT-Java-CourseWare/tree/master/images,Mouse,2
14:32,,other,,,,https://github.com/veda-vyas/MSIT-Java-CourseWare/tree/master/images,Mouse,2
14:32,,other,,,,https://github.com/veda-vyas/MSIT-Java-CourseWare/new/master/images,Tab,New Tab
14:32,,other,,,,https://github.com/veda-vyas/MSIT-Java-CourseWare/tree/master/images,Tab,New Tab
14:32,,,,,,,Window,Window -Possible Minimize
14:32,,other,,,,https://github.com/veda-vyas/MSIT-Java-CourseWare/tree/master/images,Tab,New Tab
14:32,,other,,,,https://github.com/veda-vyas/MSIT-Java-CourseWare,Tab,New Tab
14:32,,other,,,,https://github.com/veda-vyas/MSIT-Java-CourseWare,Tab,New Tab
14:33,,,,,,,Window,Window maximized
14:37,,other,,,,https://github.com/veda-vyas/MSIT-Java-CourseWare,Mouse,3
14:37,,other,,,,https://github.com/veda-vyas/MSIT-Java-CourseWare/tree/master/images,Tab,New Tab
14:37,,other,,,,https://github.com/veda-vyas/MSIT-Java-CourseWare/tree/master/images,Mouse,2
14:37,,other,,,,https://github.com/veda-vyas/MSIT-Java-CourseWare/tree/master/images,Tab,New Tab
14:37,,other,,,,file:///C:/Users/vedavyas/Desktop/Electronv253/resources/MSIT-Java-CourseWare/images/lesson6/,Tab,New Tab
14:37,,,,,,,Window,Window -Possible Minimize
14:37,Java,27,,,video,https://www.udacity.com/course/viewer#!/c-cs046/l-176475143/m-178422830,Tab,Tab Switched
14:37,,other,,,,https://www.workingon.co/work,Tab,Tab Switched
14:37,,other,,,,file:///C:/Users/vedavyas/Desktop/Electronv253/resources/MSIT-Java-CourseWare/images/lesson6/,Tab,Tab Switched
14:37,,other,,,,file:///C:/Users/vedavyas/Desktop/Electronv253/resources/MSIT-Java-CourseWare/images/,Tab,New Tab
14:37,,other,,,,file:///C:/Users/vedavyas/Desktop/Electronv253/resources/MSIT-Java-CourseWare/images/lesson6/,Tab,New Tab
14:37,,other,,,,file:///C:/Users/vedavyas/Desktop/Electronv253/resources/MSIT-Java-CourseWare/images/,Tab,New Tab
14:37,,other,,,,file:///C:/Users/vedavyas/Desktop/Electronv253/resources/MSIT-Java-CourseWare/images/,Tab,New Tab
14:37,,other,,,,file:///C:/Users/vedavyas/Desktop/Electronv253/resources/MSIT-Java-CourseWare/images/,Tab,New Tab
14:37,,other,,,,file:///C:/Users/vedavyas/Desktop/Electronv253/resources/MSIT-Java-CourseWare/images/lesson6/,Tab,New Tab
14:37,,other,,,,file:///C:/Users/vedavyas/Desktop/Electronv253/resources/MSIT-Java-CourseWare/images/,Tab,New Tab
14:37,,other,,,,file:///C:/Users/vedavyas/Desktop/Electronv253/resources/MSIT-Java-CourseWare/images/lesson6/,Tab,New Tab
14:37,,other,,,,https://github.com/veda-vyas/MSIT-Java-CourseWare/tree/master/images,Tab,New Tab
14:38,,other,,,,https://github.com/veda-vyas/MSIT-Java-CourseWare,Tab,New Tab
14:38,,other,,,,https://github.com/veda-vyas/MSIT-Java-CourseWare,Tab,New Tab
14:38,,other,,,,https://github.com/veda-vyas/MSIT-Java-CourseWare/blob/master/moduledata.json,Tab,New Tab
14:38,,other,,,,https://github.com/veda-vyas/MSIT-Java-CourseWare/blob/master/moduledata.json,Mouse,1
14:38,,other,,,,https://github.com/veda-vyas/MSIT-Java-CourseWare/blob/master/moduledata.json,Tab,New Tab
14:38,,other,,,,https://github.com/veda-vyas/MSIT-Java-CourseWare,Tab,New Tab
14:39,,,,,,,Window,Window maximized
14:39,,,,,,,Window,Window -Possible Minimize
14:41,,other,,,,https://github.com/veda-vyas/MSIT-Java-CourseWare,Screen,idle
14:41,,other,,,,https://github.com/veda-vyas/MSIT-Java-CourseWare,Mouse,5
14:42,,other,,,,https://github.com/veda-vyas/MSIT-Java-CourseWare,Screen,active
14:46,,,,,,,Window,Window maximized
14:47,,other,,,,https://github.com/veda-vyas/MSIT-Java-CourseWare/blob/master/module.html,Tab,New Tab
14:47,,other,,,,https://github.com/veda-vyas/MSIT-Java-CourseWare/blob/master/module.html,Tab,New Tab
14:47,,other,,,,https://github.com/veda-vyas/MSIT-Java-CourseWare/blob/master/module.html,Mouse,5
14:47,,,,,,,Window,Window -Possible Minimize
14:48,,,,,,,Window,Window maximized
14:54,,other,,,,https://github.com/veda-vyas/MSIT-Java-CourseWare/blob/master/module.html,Mouse,12
14:54,,other,,,,https://github.com/veda-vyas/MSIT-Java-CourseWare,Mouse,7
14:54,,other,,,,https://github.com/veda-vyas/MSIT-Java-CourseWare,Selected,34
14:54,,other,,,,https://github.com/veda-vyas/MSIT-Java-CourseWare,Tab,New Tab
14:54,,other,,,,https://github.com/veda-vyas/MSIT-Java-CourseWare,Tab,New Tab
14:54,,other,,,,https://github.com/veda-vyas/MSIT-Java-CourseWare/blob/master/module.html,Selected,64
14:54,,other,,,,https://github.com/veda-vyas/MSIT-Java-CourseWare,Tab,New Tab
14:54,,other,,,,https://github.com/veda-vyas/MSIT-Java-CourseWare,Mouse,7
14:55,,,,,,,Window,Window -Possible Minimize
14:57,,other,,,,https://github.com/veda-vyas/MSIT-Java-CourseWare,Mouse,14
14:57,,other,,,,https://github.com/veda-vyas/MSIT-Java-CourseWare,Selected,34
14:57,,other,,,,https://github.com/veda-vyas/MSIT-Java-CourseWare,Screen,idle
15:04,,other,,,,https://github.com/veda-vyas/MSIT-Java-CourseWare,Screen,active
15:04,,,,,,,Window,Window maximized
15:04,Java,27,,,video,https://www.udacity.com/course/viewer#!/c-cs046/l-176475143/m-178422830,Tab,Tab Switched
15:04,,other,,,,https://www.workingon.co/work,Tab,Tab Switched
15:04,,other,,,,https://www.udacity.com/me#!/,Tab,Tab Switched
15:04,,,,,,,Window,Window -Possible Minimize
15:04,,other,,,,https://github.com/veda-vyas/MSIT-Java-CourseWare,Tab,Tab Switched
15:04,,s,,,,https://www.google.co.in/webhp?sourceid=chrome-instant&ion=1&espv=2&ie=UTF-8,Tab,Tab Switched
15:04,,s,,,,https://www.google.co.in/webhp?sourceid=chrome-instant&ion=1&espv=2&ie=UTF-8#q=google%20maps,Tab,New Tab
15:04,,s,,,,https://www.google.co.in/maps,Tab,New Tab
15:04,,s,,,,"https://www.google.co.in/maps/dir///@17.4488198,78.3443861,15z",Tab,New Tab
15:05,,s,,,,"https://www.google.co.in/maps/dir/IIIT,+Gachibowli,+Hyderabad,+Telangana//@17.4488198,78.3443861,15z/data=!4m8!4m7!1m5!1m1!1s0x3bcb93a2eb620af7:0x943fcc66d90e2d8e!2m2!1d78.3483098!2d17.4447918!1m0",Tab,New Tab
15:05,,s,,,,"https://www.google.co.in/maps/dir/IIIT,+Gachibowli,+Hyderabad,+Telangana//@17.4488198,78.3443861,15z/data=!4m8!4m7!1m5!1m1!1s0x3bcb93a2eb620af7:0x943fcc66d90e2d8e!2m2!1d78.3483098!2d17.4447918!1m0",Tab,New Tab
15:05,,s,,,,"https://www.google.co.in/maps/dir/IIIT,+Gachibowli,+Hyderabad,+Telangana//@17.4448703,78.3114019,13z/data=!3m1!4b1!4m8!4m7!1m5!1m1!1s0x3bcb93a2eb620af7:0x943fcc66d90e2d8e!2m2!1d78.3483098!2d17.4447918!1m0",Tab,New Tab
15:05,,s,,,,"https://www.google.co.in/maps/dir/IIIT,+Gachibowli,+Hyderabad,+Telangana//@17.4448703,78.3114019,13z/data=!4m8!4m7!1m5!1m1!1s0x3bcb93a2eb620af7:0x943fcc66d90e2d8e!2m2!1d78.3483098!2d17.4447918!1m0",Tab,New Tab
15:05,,s,,,,"https://www.google.co.in/maps/dir/IIIT,+Gachibowli,+Hyderabad,+Telangana//@17.4448703,78.3114019,13z/data=!4m8!4m7!1m5!1m1!1s0x3bcb93a2eb620af7:0x943fcc66d90e2d8e!2m2!1d78.3483098!2d17.4447918!1m0",Tab,New Tab
15:05,,s,,,,"https://www.google.co.in/maps/dir/IIIT,+Gachibowli,+Hyderabad,+Telangana/Inorbit+Mall,+Hyderabad,+Telangana/@17.4448703,78.3114019,13z/data=!4m13!4m12!1m5!1m1!1s0x3bcb93a2eb620af7:0x943fcc66d90e2d8e!2m2!1d78.3483098!2d17.4447918!1m5!1m1!1s0x3bcb91582c55557d:0xe966c00435616dbc!2m2!1d78.386813!2d17.4344158",Tab,New Tab
15:05,,s,,,,"https://www.google.co.in/maps/dir/IIIT,+Gachibowli,+Hyderabad,+Telangana/Inorbit+Mall,+Hyderabad,+Telangana/@17.4448703,78.3114019,13z/data=!4m13!4m12!1m5!1m1!1s0x3bcb93a2eb620af7:0x943fcc66d90e2d8e!2m2!1d78.3483098!2d17.4447918!1m5!1m1!1s0x3bcb91582c55557d:0xe966c00435616dbc!2m2!1d78.386813!2d17.4344158",Tab,New Tab
15:05,,s,,,,"https://www.google.co.in/maps/dir/IIIT,+Gachibowli,+Hyderabad,+Telangana/Inorbit+Mall,+Hyderabad,+Telangana/@17.4397444,78.349084,14z/data=!3m1!4b1!4m13!4m12!1m5!1m1!1s0x3bcb93a2eb620af7:0x943fcc66d90e2d8e!2m2!1d78.3483098!2d17.4447918!1m5!1m1!1s0x3bcb91582c55557d:0xe966c00435616dbc!2m2!1d78.386813!2d17.4344158",Tab,New Tab
15:05,,s,,,,"https://www.google.co.in/maps/dir/IIIT,+Gachibowli,+Hyderabad,+Telangana/Inorbit+Mall,+Hyderabad,+Telangana/@17.4397444,78.349084,14z/data=!4m14!4m13!1m5!1m1!1s0x3bcb93a2eb620af7:0x943fcc66d90e2d8e!2m2!1d78.3483098!2d17.4447918!1m5!1m1!1s0x3bcb91582c55557d:0xe966c00435616dbc!2m2!1d78.386813!2d17.4344158!3e3",Tab,New Tab
15:05,,s,,,,"https://www.google.co.in/maps/dir/IIIT,+Gachibowli,+Hyderabad,+Telangana/Inorbit+Mall,+Hyderabad,+Telangana/@17.4397444,78.349084,14z/data=!4m14!4m13!1m5!1m1!1s0x3bcb93a2eb620af7:0x943fcc66d90e2d8e!2m2!1d78.3483098!2d17.4447918!1m5!1m1!1s0x3bcb91582c55557d:0xe966c00435616dbc!2m2!1d78.386813!2d17.4344158!3e3",Tab,New Tab
15:05,,s,,,,"https://www.google.co.in/maps/dir/IIIT,+Gachibowli,+Hyderabad,+Telangana/Inorbit+Mall,+Hyderabad,+Telangana/@17.4373132,78.3491076,14z/data=!3m1!4b1!4m14!4m13!1m5!1m1!1s0x3bcb93a2eb620af7:0x943fcc66d90e2d8e!2m2!1d78.3483098!2d17.4447918!1m5!1m1!1s0x3bcb91582c55557d:0xe966c00435616dbc!2m2!1d78.386813!2d17.4344158!3e3",Tab,New Tab
15:05,,s,,,,"https://www.google.co.in/maps/dir/IIIT,+Gachibowli,+Hyderabad,+Telangana/Inorbit+Mall,+Hyderabad,+Telangana/@17.4397444,78.349084,14z/data=!4m14!4m13!1m5!1m1!1s0x3bcb93a2eb620af7:0x943fcc66d90e2d8e!2m2!1d78.3483098!2d17.4447918!1m5!1m1!1s0x3bcb91582c55557d:0xe966c00435616dbc!2m2!1d78.386813!2d17.4344158!3e3",Tab,New Tab
15:05,,s,,,,"https://www.google.co.in/maps/dir/IIIT,+Gachibowli,+Hyderabad,+Telangana/Inorbit+Mall,+Hyderabad,+Telangana/@17.4373132,78.3491076,14z/data=!4m15!4m14!1m5!1m1!1s0x3bcb93a2eb620af7:0x943fcc66d90e2d8e!2m2!1d78.3483098!2d17.4447918!1m5!1m1!1s0x3bcb91582c55557d:0xe966c00435616dbc!2m2!1d78.386813!2d17.4344158!3e3!5i3",Tab,New Tab
15:05,,s,,,,"https://www.google.co.in/maps/dir/IIIT,+Gachibowli,+Hyderabad,+Telangana/Inorbit+Mall,+Hyderabad,+Telangana/@17.4343858,78.3619393,15z/data=!4m15!4m14!1m5!1m1!1s0x3bcb93a2eb620af7:0x943fcc66d90e2d8e!2m2!1d78.3483098!2d17.4447918!1m5!1m1!1s0x3bcb91582c55557d:0xe966c00435616dbc!2m2!1d78.386813!2d17.4344158!3e3!5i3",Tab,New Tab
15:05,,s,,,,"https://www.google.co.in/maps/dir/IIIT,+Gachibowli,+Hyderabad,+Telangana/Inorbit+Mall,+Hyderabad,+Telangana/@17.432922,78.3683552,16z/data=!4m15!4m14!1m5!1m1!1s0x3bcb93a2eb620af7:0x943fcc66d90e2d8e!2m2!1d78.3483098!2d17.4447918!1m5!1m1!1s0x3bcb91582c55557d:0xe966c00435616dbc!2m2!1d78.386813!2d17.4344158!3e3!5i3",Tab,New Tab
15:05,,s,,,,"https://www.google.co.in/maps/dir/IIIT,+Gachibowli,+Hyderabad,+Telangana/Inorbit+Mall,+Hyderabad,+Telangana/@17.429225,78.3810651,16z/data=!4m15!4m14!1m5!1m1!1s0x3bcb93a2eb620af7:0x943fcc66d90e2d8e!2m2!1d78.3483098!2d17.4447918!1m5!1m1!1s0x3bcb91582c55557d:0xe966c00435616dbc!2m2!1d78.386813!2d17.4344158!3e3!5i3",Tab,New Tab
15:05,,s,,,,"https://www.google.co.in/maps/dir/IIIT,+Gachibowli,+Hyderabad,+Telangana/Inorbit+Mall,+Hyderabad,+Telangana/@17.4395985,78.3802724,16z/data=!4m15!4m14!1m5!1m1!1s0x3bcb93a2eb620af7:0x943fcc66d90e2d8e!2m2!1d78.3483098!2d17.4447918!1m5!1m1!1s0x3bcb91582c55557d:0xe966c00435616dbc!2m2!1d78.386813!2d17.4344158!3e3!5i3",Tab,New Tab
15:05,,s,,,,"https://www.google.co.in/maps/dir/IIIT,+Gachibowli,+Hyderabad,+Telangana/Inorbit+Mall,+Hyderabad,+Telangana/@17.4343657,78.3694545,16z/data=!4m15!4m14!1m5!1m1!1s0x3bcb93a2eb620af7:0x943fcc66d90e2d8e!2m2!1d78.3483098!2d17.4447918!1m5!1m1!1s0x3bcb91582c55557d:0xe966c00435616dbc!2m2!1d78.386813!2d17.4344158!3e3!5i3",Tab,New Tab
15:05,,s,,,,"https://www.google.co.in/maps/dir/IIIT,+Gachibowli,+Hyderabad,+Telangana/Inorbit+Mall,+Hyderabad,+Telangana/@17.4351233,78.3824148,16z/data=!4m15!4m14!1m5!1m1!1s0x3bcb93a2eb620af7:0x943fcc66d90e2d8e!2m2!1d78.3483098!2d17.4447918!1m5!1m1!1s0x3bcb91582c55557d:0xe966c00435616dbc!2m2!1d78.386813!2d17.4344158!3e3!5i3",Tab,New Tab
15:05,,s,,,,"https://www.google.co.in/maps/dir/IIIT,+Gachibowli,+Hyderabad,+Telangana/Inorbit+Mall,+Hyderabad,+Telangana/@17.4299438,78.3708921,16z/data=!4m15!4m14!1m5!1m1!1s0x3bcb93a2eb620af7:0x943fcc66d90e2d8e!2m2!1d78.3483098!2d17.4447918!1m5!1m1!1s0x3bcb91582c55557d:0xe966c00435616dbc!2m2!1d78.386813!2d17.4344158!3e3!5i3",Tab,New Tab
15:05,,s,,,,"https://www.google.co.in/maps/dir/IIIT,+Gachibowli,+Hyderabad,+Telangana/Inorbit+Mall,+Hyderabad,+Telangana/@17.4298414,78.3640256,16z/data=!4m15!4m14!1m5!1m1!1s0x3bcb93a2eb620af7:0x943fcc66d90e2d8e!2m2!1d78.3483098!2d17.4447918!1m5!1m1!1s0x3bcb91582c55557d:0xe966c00435616dbc!2m2!1d78.386813!2d17.4344158!3e3!5i3",Tab,New Tab
15:05,,s,,,,"https://www.google.co.in/maps/dir/IIIT,+Gachibowli,+Hyderabad,+Telangana/Inorbit+Mall,+Hyderabad,+Telangana/@17.4361059,78.3652058,16z/data=!4m15!4m14!1m5!1m1!1s0x3bcb93a2eb620af7:0x943fcc66d90e2d8e!2m2!1d78.3483098!2d17.4447918!1m5!1m1!1s0x3bcb91582c55557d:0xe966c00435616dbc!2m2!1d78.386813!2d17.4344158!3e3!5i3",Tab,New Tab
15:06,,s,,,,https://www.google.co.in/webhp?sourceid=chrome-instant&ion=1&espv=2&ie=UTF-8,Tab,Tab Switched
15:06,,s,,,,https://www.google.co.in/webhp?sourceid=chrome-instant&ion=1&espv=2&ie=UTF-8#q=uber,Tab,New Tab
15:06,,other,,,,https://www.uber.com/,Tab,Tab Switched
15:06,,other,,,,https://www.uber.com/log-in,Tab,New Tab
15:06,,other,,,,https://www.uber.com/log-in,Tab,Tab Closed
15:06,,other,,,,https://github.com/veda-vyas/MSIT-Java-CourseWare,Tab,Tab Switched
15:06,,other,,,,https://www.workingon.co/work,Tab,Tab Switched
15:06,,gm,,,,https://mail.google.com/mail/u/0/#inbox,Tab,Tab Switched
15:06,,other,,,,https://taralabs.slack.com/messages/@praveen/,Tab,Tab Switched
15:06,,other,,,,https://www.uber.com/,Tab,New Tab
15:07,,other,,,,https://www.uber.com/cities,Tab,New Tab
15:07,,other,,,,https://www.uber.com/cities,Mouse,3
15:07,,other,,,,https://www.uber.com/cities/hyderabad,Tab,New Tab
15:08,,other,,,,https://www.uber.com/cities,Tab,New Tab
15:08,,s,,,,https://www.google.co.in/webhp?sourceid=chrome-instant&ion=1&espv=2&ie=UTF-8,Tab,Tab Switched
15:08,,s,,,,https://www.google.co.in/webhp?sourceid=chrome-instant&ion=1&espv=2&ie=UTF-8#q=uber%20fare%20calculator%20hyderabad,Tab,New Tab
15:08,,s,,,,"https://www.google.co.in/url?sa=t&rct=j&q=&esrc=s&source=web&cd=1&cad=rja&uact=8&ved=0CCkQFjAA&url=https%3A%2F%2Fwww.uber.com%2Fcities%2Fhyderabad&ei=GYejVfusDc2ruQSQzYyIDg&usg=AFQjCNFmG1BijXfvhwgq_AXG8_Sia3TEDw&bvm=bv.97653015,d.c2E",Tab,New Tab
15:08,,other,,,,https://www.uber.com/cities/hyderabad,Tab,New Tab
15:08,,other,,,,https://www.uber.com/cities/hyderabad,Tab,Tab Switched
15:09,,,,,,,Tab,Tab Closed [TabID:53]
15:09,,s,,,,https://www.google.co.in/webhp?sourceid=chrome-instant&ion=1&espv=2&ie=UTF-8#q=uber%20fare%20calculator%20hyderabad,Tab,Tab Switched
15:09,,,,,,,Tab,Tab Closed [TabID:51]
15:09,,other,,,,https://github.com/veda-vyas/MSIT-Java-CourseWare,Tab,Tab Switched
15:09,,other,,,,chrome://newtab/,Tab,Tab Closed
15:10,,other,,,,https://github.com/veda-vyas/MSIT-Java-CourseWare,Screen,idle
15:15,,other,,,,https://github.com/veda-vyas/MSIT-Java-CourseWare,Screen,active
15:17,,other,,,,https://github.com/veda-vyas/MSIT-Java-CourseWare,Screen,idle
15:29,,other,,,,https://github.com/veda-vyas/MSIT-Java-CourseWare,Screen,active
15:30,,other,,,,https://github.com/veda-vyas/MSIT-Java-CourseWare,Screen,idle
15:31,,other,,,,https://github.com/veda-vyas/MSIT-Java-CourseWare,Screen,active
15:51,,other,,,,https://taralabs.slack.com/messages/@praveen/,Tab,Tab Switched
15:51,,other,,,,https://taralabs.slack.com/messages/veda-java-progress/,Tab,New Tab
15:52,,other,,,,https://www.workingon.co/work,Tab,Tab Switched
15:52,,other,,,,https://taralabs.slack.com/messages/veda-java-progress/,Selected,19
15:52,,other,,,,https://www.workingon.co/work,Mouse,12
15:52,,other,,,,https://www.workingon.co/manage,Tab,New Tab
15:52,,other,,,,https://www.workingon.co/slack,Tab,New Tab
15:52,,other,,,,https://www.workingon.co/work,Tab,New Tab
15:52,,gm,,,,https://mail.google.com/mail/u/0/#inbox,Tab,Tab Switched
15:52,,other,,,,https://taralabs.slack.com/messages/veda-java-progress/,Tab,Tab Switched
15:52,,other,,,,https://taralabs.slack.com/messages/@praveen/,Tab,New Tab
15:52,,other,,,,https://taralabs.slack.com/messages/veda-java-progress/,Tab,New Tab
15:52,,other,,,,https://taralabs.slack.com/messages/working-on/,Tab,New Tab
15:53,,other,,,,https://taralabs.slack.com/messages/veda-java-progress/,Tab,New Tab
15:53,,other,,,,https://taralabs.slack.com/messages/working-on/,Selected,87
15:53,,other,,,,https://taralabs.slack.com/messages/working-on/,Mouse,22
15:53,,other,,,,https://www.udacity.com/me#!/,Tab,Tab Switched
15:53,,other,,,,https://www.workingon.co/work,Tab,Tab Switched
15:53,,other,,,,https://www.udacity.com/me#!/,Tab,Tab Switched
15:53,Java,27,,,video,https://www.udacity.com/course/viewer#!/c-cs046/l-176475143/m-178422830,Tab,Tab Switched
15:53,,other,,,,https://www.udacity.com/course/viewer#!/c-cs046/l-211641002,Tab,New Tab
15:53,Java,1,,,problem_set,https://www.udacity.com/course/viewer#!/c-cs046/l-211641002/e-213546108/m-213546109,Tab,New Tab
15:54,,,,,,,Tab,Tab Closed [TabID:31]
15:54,Java,1,,,problem_set,https://www.udacity.com/course/viewer#!/c-cs046/l-211641002/e-213546108/m-213546109,Key,6
15:54,,other,,,,https://www.udacity.com/wiki/cs046/bluej/install-windows,Tab,Tab Switched
15:54,,,,,,,Tab,Tab Closed [TabID:57]
15:54,,other,,,,https://taralabs.slack.com/messages/veda-java-progress/,Tab,Tab Switched
15:54,,other,,,,https://www.udacity.com/me#!/,Tab,Tab Switched
15:54,,other,,,,https://www.udacity.com/wiki/cs046/bluej/install-windows,Tab,New Tab
15:54,,,,,,,Tab,Tab Closed [TabID:8]
15:54,,other,,,,https://taralabs.slack.com/messages/veda-java-progress/,Tab,Tab Switched
15:54,,other,,,,https://www.udacity.com/wiki/cs046/bluej/install-windows,Tab,Tab Switched
15:54,,s,,,,http://www.google.com/url?q=http://www.oracle.com/technetwork/java/javase/downloads/jdk7-downloads-1880260.html&sa=D&sntz=1&usg=AFQjCNGPxpxpgEownqglhYEJoVh3Dos3RQ,Tab,New Tab
15:54,,other,,,,https://www.udacity.com/wiki/cs046/bluej/install-windows,Mouse,3
15:54,,other,,,,http://www.oracle.com/technetwork/java/javase/downloads/jdk7-downloads-1880260.html,Tab,New Tab
16:00,,,,,,,Window,Window maximized
16:00,,,,,,,Window,Window -Possible Minimize
16:00,,other,,,,http://www.oracle.com/technetwork/java/javase/downloads/jdk7-downloads-1880260.html,Mouse,2
16:00,,s,,,,http://www.google.com/url?q=http://www.oracle.com/technetwork/java/javase/downloads/jdk7-downloads-1880260.html&sa=D&sntz=1&usg=AFQjCNGPxpxpgEownqglhYEJoVh3Dos3RQ,Tab,New Tab
16:00,,other,,,,https://www.udacity.com/wiki/cs046/bluej/install-windows,Tab,New Tab
16:00,,other,,,,https://www.udacity.com/wiki/cs046/bluej/install-windows,Mouse,2
16:00,,other,,,,https://www.udacity.com/wiki/cs046/bluej/install-windows,Key,6
16:00,,other,,,,http://www.bluej.org/versions.html,Tab,Tab Switched
16:00,,other,,,,http://www.bluej.org/versions.html,Tab,Tab Closed
16:00,,other,,,,http://www.bluej.org/versions.html,Tab,New Tab
16:00,,other,,,,http://www.bluej.org/versions.html,Tab,New Tab
16:01,,other,,,,https://taralabs.slack.com/messages/veda-java-progress/,Tab,Tab Switched
16:01,,other,,,,https://taralabs.slack.com/messages/@praveen/,Tab,New Tab
16:05,,other,,,,https://taralabs.slack.com/messages/@praveen/,Screen,idle
16:11,,other,,,,https://taralabs.slack.com/messages/@praveen/,Screen,active
16:11,,other,,,,https://www.workingon.co/work,Tab,Tab Switched
16:17,,other,,,,https://www.workingon.co/work,Screen,active
16:17,,other,,,,https://www.workingon.co/work,Tab,Tab Switched
16:17,,,,,,,Tab,Tab Closed [TabID:68]
16:17,,other,,,,http://www.bluej.org/versions.html,Tab,Tab Switched
16:19,,other,,,,http://www.bluej.org/versions.html,Mouse,7
16:19,,other,,,,http://www.bluej.org/versions.html,Screen,idle
16:19,,other,,,,http://www.bluej.org/versions.html,Screen,active
16:20,,,,,,,Window,Window maximized
16:23,,,,,,,Window,Window -Possible Minimize
16:23,,other,,,,http://www.bluej.org/versions.html,Mouse,7
16:23,,other,,,,https://www.udacity.com/wiki/cs046/bluej/install-windows,Tab,Tab Switched
16:23,Java,1,,,problem_set,https://www.udacity.com/course/viewer#!/c-cs046/l-211641002/e-213546108/m-213546109,Tab,Tab Switched
16:23,,other,,,,http://www.bluej.org/versions.html,Tab,Tab Switched
16:23,,other,,,,http://www.bluej.org/versions.html,Mouse,8
16:24,,other,,,,http://www.bluej.org/download/files/bluej-315.msi,Tab,Tab Switched
16:24,,,,,,,Tab,Tab Closed [TabID:72]
16:24,,other,,,,http://www.bluej.org/versions.html,Tab,Tab Switched
16:24,,,,,,,Tab,Tab Closed [TabID:70]
16:24,,other,,,,http://www.bluej.org/versions.html,Mouse,8
16:25,,,,,,,Window,Window maximized
16:25,,other,,,,http://www.bluej.org/versions.html,Tab,Tab Switched
16:25,,other,,,,chrome://downloads/,Tab,Tab Closed
16:25,,,,,,,Window,Window -Possible Minimize
16:25,,other,,,,http://www.bluej.org/versions.html,Mouse,16
16:26,,other,,,,http://www.bluej.org/versions.html,Tab,Tab Switched
16:27,,,,,,,Window,Window maximized
16:30,,s,,,,https://www.google.co.in/webhp?sourceid=chrome-instant&ion=1&espv=2&ie=UTF-8,Tab,Tab Switched
16:30,,,,,,,Window,Window -Possible Minimize
16:30,,s,,,,https://www.google.co.in/webhp?sourceid=chrome-instant&ion=1&espv=2&ie=UTF-8#q=install%20bluej%20from%20zipped%20source,Tab,New Tab
16:31,,,,,,,Tab,Tab Closed [TabID:82]
16:31,,,,,,,Tab,Tab Closed [TabID:78]
16:31,,other,,,,http://www.bluej.org/versions.html,Tab,Tab Switched
16:31,,,,,,,Tab,Tab Closed [TabID:76]
16:32,,other,,,,https://www.udacity.com/wiki/cs046/bluej/install-windows,Tab,Tab Switched
16:32,Java,1,,,problem_set,https://www.udacity.com/course/viewer#!/c-cs046/l-211641002/e-213546108/m-213546109,Tab,Tab Switched
16:32,,other,,,,https://taralabs.slack.com/messages/@praveen/,Tab,Tab Switched
16:35,,other,,,,http://www.bluej.org/versions.html,Tab,Tab Switched
16:35,,other,,,,https://taralabs.slack.com/messages/@praveen/,Mouse,15
16:35,,s,,,,https://www.google.co.in/webhp?sourceid=chrome-instant&ion=1&espv=2&ie=UTF-8#q=java%20jdk%208,Tab,New Tab
16:35,,s,,,,https://www.google.co.in/webhp?sourceid=chrome-instant&ion=1&espv=2&ie=UTF-8,Tab,Tab Switched
16:35,,other,,,,http://www.bluej.org/versions.html,Mouse,12
16:35,,s,,,,https://www.google.co.in/webhp?sourceid=chrome-instant&ion=1&espv=2&ie=UTF-8#q=java%20jdk%208,Mouse,1
16:35,,other,,,,http://www.oracle.com/technetwork/java/javase/downloads/jdk8-downloads-2133151.html,Tab,New Tab
16:36,,other,,,,http://www.oracle.com/technetwork/java/javase/downloads/jdk8-downloads-2133151.html,Tab,Tab Switched
16:36,,other,,,,http://www.oracle.com/technetwork/java/javase/downloads/jdk8-downloads-2133151.html,Screen,locked
17:40,,,,,,,Window,Window maximized
17:40,,other,,,,http://www.oracle.com/technetwork/java/javase/downloads/jdk8-downloads-2133151.html,Screen,active
17:40,,,,,,,Window,Window -Possible Minimize
17:40,,other,,,,https://taralabs.slack.com/messages/@praveen/,Tab,Tab Switched
17:40,,other,,,,https://taralabs.slack.com/messages/@niranjan/,Tab,New Tab
17:40,,other,,,,https://taralabs.slack.com/messages/@praveen/,Tab,New Tab
17:40,,other,,,,https://www.workingon.co/work,Tab,Tab Switched
17:40,Java,1,,,problem_set,https://www.udacity.com/course/viewer#!/c-cs046/l-211641002/e-213546108/m-213546109,Tab,Tab Switched
17:40,,other,,,,https://www.udacity.com/wiki/cs046/bluej/install-windows,Tab,Tab Switched
17:40,,other,,,,http://www.oracle.com/technetwork/java/javase/downloads/jdk8-downloads-2133151.html,Tab,Tab Switched
17:41,,other,,,,http://www.oracle.com/technetwork/java/javase/downloads/jdk8-downloads-2133151.html,Tab,Tab Switched
17:41,,other,,,,https://www.udacity.com/wiki/cs046/bluej/install-windows,Tab,Tab Switched
17:41,,other,,,,https://www.workingon.co/work,Tab,Tab Switched
17:41,Java,1,,,problem_set,https://www.udacity.com/course/viewer#!/c-cs046/l-211641002/e-213546108/m-213546109,Tab,Tab Switched
17:41,,other,,,,https://www.udacity.com/wiki/cs046/bluej/install-windows,Tab,Tab Switched
17:41,Java,1,,,problem_set,https://www.udacity.com/course/viewer#!/c-cs046/l-211641002/e-213546108/m-213546109,Tab,Tab Switched
17:41,,other,,,,https://www.udacity.com/wiki/cs046/bluej/install-windows,Tab,Tab Switched
17:41,,other,,,,http://www.oracle.com/technetwork/java/javase/downloads/jdk8-downloads-2133151.html,Tab,Tab Switched
17:41,,other,,,,http://download.oracle.com/errors/download-fail-1505220.html,Tab,New Tab
17:41,,other,,,,http://www.oracle.com/technetwork/java/javase/downloads/jdk8-downloads-2133151.html,Mouse,2
17:41,,other,,,,http://www.oracle.com/technetwork/java/javase/downloads/jdk8-downloads-2133151.html,Tab,New Tab
17:41,,other,,,,http://www.oracle.com/technetwork/java/javase/downloads/jdk8-downloads-2133151.html,Tab,Tab Switched
17:41,,other,,,,http://www.bluej.org/,Tab,New Tab
18:40,,other,,,,chrome://history/,Tab,Tab Closed
18:40,Java,2,,,problem_set,https://www.udacity.com/course/viewer#!/c-cs046/l-208887248/e-213343457/m-213343458,Tab,Tab Switched
18:40,,other,,,,https://taralabs.slack.com/messages/@praveen/,Tab,Tab Switched
18:40,,other,,,,https://www.workingon.co/work,Tab,Tab Switched
18:40,,other,,,,https://taralabs.slack.com/messages/@praveen/,Tab,Tab Switched
18:40,,other,,,,https://www.workingon.co/activity,Tab,New Tab
18:40,,other,,,,https://taralabs.slack.com/messages/veda-java-progress/,Tab,New Tab
18:41,,s,,,,https://www.google.co.in/webhp?sourceid=chrome-instant&ion=1&espv=2&ie=UTF-8,Tab,Tab Switched
18:41,,s,,,,https://www.google.co.in/webhp?sourceid=chrome-instant&ion=1&espv=2&ie=UTF-8#q=find%20cached%20version%20of%20website,Tab,New Tab
18:41,,other,,,,http://cachedview.com/,Tab,Tab Switched
18:41,,other,,,,https://taralabs.slack.com/messages/veda-java-progress/,Tab,Tab Switched
18:41,,other,,,,http://cachedview.com/,Tab,Tab Switched
18:41,,other,,,,http://cachedview.com/redirect.php?url=https%3A%2F%2Ftaralabs.slack.com%2Fmessages%2Fveda-java-progress%2F&cache=Live,Tab,Tab Switched
18:42,,other,,,,https://taralabs.slack.com/messages/veda-java-progress/,Tab,New Tab
18:42,,other,,,,http://cachedview.com/,Tab,Tab Switched
18:42,,other,,,,http://cachedview.com/redirect.php?url=https%3A%2F%2Ftaralabs.slack.com%2Fmessages%2Fveda-java-progress%2F&cache=Google,Tab,Tab Switched
18:42,,other,,,,http://webcache.googleusercontent.com/search?q=cache:https://taralabs.slack.com/messages/veda-java-progress/,Tab,New Tab
18:42,,other,,,,http://cachedview.com/,Tab,Tab Switched
18:42,,other,,,,http://webcache.googleusercontent.com/search?q=cache:https://taralabs.slack.com/messages/veda-java-progress/,Tab,Tab Closed
18:42,,other,,,,https://taralabs.slack.com/messages/veda-java-progress/,Tab,Tab Closed
18:42,Java,2,,,problem_set,https://www.udacity.com/course/viewer#!/c-cs046/l-208887248/e-213343457/m-213343458,Tab,Tab Switched
18:42,,,,,,,Tab,Tab Closed [TabID:124]
18:42,,other,,,,https://www.workingon.co/activity,Tab,Tab Switched
18:42,,other,,,,https://taralabs.slack.com/messages/veda-java-progress/,Tab,Tab Switched
18:43,,other,,,,http://student-monitor.appspot.com/getchromedata,Tab,New Tab
18:43,,other,,,,http://student-monitor.appspot.com/getchromedata,Mouse,3
18:43,,other,,,,http://student-monitor.appspot.com/getMail,Tab,New Tab
18:43,,other,,,,http://student-monitor.appspot.com/getchromedata,Mouse,0
18:43,,other,,,,http://student-monitor.appspot.com/getchromedata,Tab,New Tab
18:44,,gm,,,,https://mail.google.com/mail/u/0/#inbox,Tab,Tab Switched
18:44,,other,,,,https://www.workingon.co/activity,Tab,Tab Switched
18:44,,other,,,,http://student-monitor.appspot.com/getchromedata,Tab,Tab Switched
18:44,,,,,,,Window,Window maximized
18:44,,gm,,,,https://mail.google.com/mail/u/0/#inbox,Tab,Tab Switched
18:44,,,,,,,Window,Window -Possible Minimize
18:44,,gm,,,,https://mail.google.com/mail/u/0/#inbox,Mouse,1
18:44,,yt,,,,https://accounts.youtube.com/accounts/Logout2?hl=en&service=mail&ilo=1&ils=s.youtube%2Cdoritos%2Co.mail.google.com%2Cs.IN&ilc=0&continue=https%3A%2F%2Fmail.google.com%2Fmail&zx=-499323752,Tab,New Tab
18:44,,s,,,,http://www.google.co.in/accounts/Logout2?hl=en&service=mail&ilo=1&ils=s.IN&ilc=2&continue=https%3A%2F%2Fmail.google.com%2Fmail&zx=797270756,Tab,New Tab
18:44,,s,,,,http://www.google.com/accounts/Logout2?hl=en&service=mail&ilo=1&ils=doritos%2Co.mail.google.com%2Cs.IN&ilc=1&continue=https%3A%2F%2Fmail.google.com%2Fmail&zx=239503250,Tab,New Tab
18:44,,gm,,,,https://accounts.google.com/ServiceLogin?service=mail&passive=true&rm=false&continue=https://mail.google.com/mail/&ss=1&scc=1&ltmpl=default&ltmplcache=2&emr=1&osid=1,Tab,New Tab
18:44,,other,,,,https://accounts.google.com/ServiceLogin?continue=https%3A%2F%2Fmail.google.com%2Fmail%2F&ltmpl=default&service=mail&sacu=1&scc=1&passive=1209600&acui=0#Email=vedavyas.yeleswarapu%40gmail.com,Tab,New Tab
18:44,,other,,,,https://accounts.google.com/ServiceLoginAuth,Tab,New Tab
18:44,,gm,,,,https://mail.google.com/mail/u/0/,Tab,New Tab
18:44,,gm,,,,https://mail.google.com/mail/u/0/#inbox,Tab,New Tab
18:44,,gm,,,,https://mail.google.com/mail/u/0/#inbox/14e867c3d32fea36,Tab,New Tab
18:44,,gm,,,,https://mail.google.com/mail/u/0/#inbox,Tab,New Tab
18:44,,other,,,,http://student-monitor.appspot.com/getchromedata,Tab,Tab Switched
18:44,,other,,,,http://student-monitor.appspot.com/getchromedata,Tab,New Tab
18:44,,other,,,,http://student-monitor.appspot.com/getchromedata,Tab,New Tab
18:45,,other,,,,http://student-monitor.appspot.com/getMail,Tab,New Tab
18:46,,,,,,,Window,Window -Possible Minimize
18:46,,,,,,,Window,Window maximized
18:48,,,,,,,Window,Window maximized
18:49,,,,,,,Window,Window -Possible Minimize
18:49,,other,,,,https://www.dropbox.com/home/Veda_PyKeyLogs,Tab,New Tab
18:49,,other,,,,https://www.dropbox.com/home,Tab,New Tab
18:49,,,,,,,Window,Window maximized
18:50,,other,,,,https://www.dropbox.com/home,Mouse,8
18:50,,other,,,,https://www.dropbox.com/home?preview=mydata,Tab,New Tab
18:50,,other,,,,https://www.dropbox.com/home?preview=mydata,Mouse,6
18:50,,other,,,,https://www.dropbox.com/home,Tab,New Tab
18:50,,other,,,,https://www.dropbox.com/home?preview=mydata,Selected,13
18:51,,,,,,,Window,Window -Possible Minimize
18:51,,other,,,,https://www.dropbox.com/home,Mouse,2
18:51,,other,,,,https://taralabs.slack.com/messages/veda-java-progress/,Tab,Tab Switched
18:51,,other,,,,https://taralabs.slack.com/messages/@praveen/,Tab,New Tab
18:51,,other,,,,https://www.workingon.co/activity,Tab,Tab Switched
18:51,,other,,,,https://taralabs.slack.com/messages/@praveen/,Tab,Tab Switched
18:51,Java,2,,,problem_set,https://www.udacity.com/course/viewer#!/c-cs046/l-208887248/e-213343457/m-213343458,Tab,Tab Switched
18:52,Java,3,,,problem_set,https://www.udacity.com/course/viewer#!/c-cs046/l-211641002/e-211265356/m-211265357,Tab,Tab Switched
18:52,Java,2,,,problem_set,https://www.udacity.com/course/viewer#!/c-cs046/l-208887248/e-213343457/m-213343458,Tab,Tab Switched
18:52,Java,3,,,problem_set,https://www.udacity.com/course/viewer#!/c-cs046/l-211641002/e-211265356/m-211265357,Tab,Tab Switched
18:52,,other,,,,https://www.workingon.co/activity,Tab,Tab Switched
18:52,,other,,,,https://www.workingon.co/activity,Mouse,1
18:52,,other,,,,https://www.workingon.co/work,Tab,New Tab
18:52,,other,,,,https://www.workingon.co/work,Tab,New Tab
18:52,,other,,,,https://www.dropbox.com/home,Tab,Tab Switched
18:52,Java,2,,,problem_set,https://www.udacity.com/course/viewer#!/c-cs046/l-208887248/e-213343457/m-213343458,Tab,Tab Switched
18:53,Java,3,,,problem_set,https://www.udacity.com/course/viewer#!/c-cs046/l-211641002/e-211265356/m-211265357,Tab,Tab Switched
18:53,Java,4,,,problem_set,https://www.udacity.com/course/viewer#!/c-cs046/l-211641002/e-211265358/m-211265359,Tab,New Tab
18:53,,other,,,,https://www.workingon.co/work,Tab,Tab Switched
18:53,,other,,,,https://www.workingon.co/work,Tab,New Tab
18:53,Java,2,,,problem_set,https://www.udacity.com/course/viewer#!/c-cs046/l-208887248/e-213343457/m-213343458,Tab,Tab Switched
18:53,,,,,,,Window,Window maximized
18:53,,,,,,,Window,Window -Possible Minimize
18:53,Java,4,,,problem_set,https://www.udacity.com/course/viewer#!/c-cs046/l-211641002/e-211265358/m-211265359,Tab,Tab Switched
18:55,,other,,,,https://www.workingon.co/work,Tab,Tab Switched
18:55,,other,,,,https://www.workingon.co/work,Tab,New Tab
18:55,Java,2,,,problem_set,https://www.udacity.com/course/viewer#!/c-cs046/l-208887248/e-213343457/m-213343458,Tab,Tab Switched
18:55,Java,4,,,problem_set,https://www.udacity.com/course/viewer#!/c-cs046/l-211641002/e-211265358/m-211265359,Tab,Tab Switched
18:55,,other,,,,https://www.udacity.com/course/viewer#!/c-cs046/l-161445800,Tab,New Tab
18:55,,other,,,,https://www.udacity.com/course/viewer#!/c-cs046/l-161445800/e-177304182/m-177418279,Tab,New Tab
18:55,,other,,,,https://www.workingon.co/work,Tab,Tab Switched
18:56,Java,2,,,problem_set,https://www.udacity.com/course/viewer#!/c-cs046/l-208887248/e-213343457/m-213343458,Tab,Tab Switched
18:56,,other,,,,https://www.udacity.com/course/viewer#!/c-cs046/l-161445800/e-177304182/m-177418279,Tab,Tab Switched
18:56,,other,,,,https://www.workingon.co/work,Tab,Tab Switched
18:56,,other,,,,https://www.workingon.co/work,Tab,New Tab
18:57,,other,,,,https://taralabs.slack.com/messages/@praveen/,Tab,Tab Switched
18:57,,gm,,,,https://mail.google.com/mail/u/0/#inbox,Tab,Tab Switched
18:57,,other,,,,https://www.workingon.co/work,Tab,Tab Switched
18:57,,other,,,,https://taralabs.slack.com/messages/@praveen/,Tab,Tab Switched
18:58,,other,,,,https://taralabs.slack.com/messages/@praveen/,Mouse,3
18:58,,other,,,,https://www.workingon.co/work,Tab,Tab Switched
18:58,,other,,,,https://taralabs.slack.com/messages/@praveen/,Tab,Tab Switched
18:58,,other,,,,https://www.workingon.co/work,Tab,Tab Switched
18:59,,other,,,,https://taralabs.slack.com/messages/@praveen/,Tab,Tab Switched
18:59,,other,,,,https://www.dropbox.com/home,Tab,Tab Switched
18:59,,other,,,,https://taralabs.slack.com/messages/@praveen/,Mouse,3
18:59,,other,,,,https://taralabs.slack.com/messages/@praveen/,Tab,Tab Switched
18:59,,other,,,,https://www.dropbox.com/home,Mouse,2
18:59,,other,,,,https://taralabs.slack.com/messages/@praveen/,Mouse,3
18:59,,other,,,,https://slack-redir.net/link?url=https%3A%2F%2Fwww.dropbox.com%2F1%2Foauth2%2Fauthorize%3Flocale%3D%26client_id%3Drciq3gnem9oirk6%26response_type%3Dcode%26redirect_uri%3Dhttps%253A%252F%252Fslack.com%252Fservices%252Fauth%252Fdropbox%26state%3DbHMsJ7Piy2VIUGyQ5KUt3A%253D%253D%257C%257B%2522ask%2522%253A%2522auto%2522%252C%2522auth_id%2522%253A%25227587035506%2522%252C%2522user_id%2522%253A%2522U04LPAV3N%2522%257D,Tab,Tab Switched
18:59,,other,,,,https://slack-redir.net/link?url=https%3A%2F%2Fwww.dropbox.com%2F1%2Foauth2%2Fauthorize%3Flocale%3D%26client_id%3Drciq3gnem9oirk6%26response_type%3Dcode%26redirect_uri%3Dhttps%253A%252F%252Fslack.com%252Fservices%252Fauth%252Fdropbox%26state%3DbHMsJ7Piy2VIUGyQ5KUt3A%253D%253D%257C%257B%2522ask%2522%253A%2522auto%2522%252C%2522auth_id%2522%253A%25227587035506%2522%252C%2522user_id%2522%253A%2522U04LPAV3N%2522%257D,Tab,New Tab
18:59,,other,,,,https://www.dropbox.com/1/oauth2/authorize?locale=&client_id=rciq3gnem9oirk6&response_type=code&redirect_uri=https%3A%2F%2Fslack.com%2Fservices%2Fauth%2Fdropbox&state=bHMsJ7Piy2VIUGyQ5KUt3A%3D%3D%7C%7B%22ask%22%3A%22auto%22%2C%22auth_id%22%3A%227587035506%22%2C%22user_id%22%3A%22U04LPAV3N%22%7D,Tab,New Tab
18:59,,other,,,,https://taralabs.slack.com/services/7587019158?authed=1,Tab,New Tab
18:59,,other,,,,https://taralabs.slack.com/services/7587019158?authed=1,Tab,Tab Closed
18:59,,other,,,,https://taralabs.slack.com/messages/@praveen/,Tab,Tab Switched
19:00,,other,,,,https://taralabs.slack.com/messages/@praveen/,Mouse,3
19:00,,other,,,,https://taralabs.slack.com/messages/veda-java-progress/,Tab,New Tab
19:00,,other,,,,https://taralabs.slack.com/messages/@praveen/,Tab,New Tab
19:00,,other,,,,https://taralabs.slack.com/messages/@praveen/files/F07H91WMA/,Tab,New Tab
19:00,,other,,,,https://www.dropbox.com/s/81akk9gz4fsvicy/mydata?dl=0,Tab,Tab Switched
19:00,,other,,,,https://taralabs.slack.com/messages/@praveen/files/F07H91WMA/,Mouse,8
19:00,,other,,,,https://www.dropbox.com/s/81akk9gz4fsvicy/mydata?dl=0,Tab,New Tab
19:00,,other,,,,https://taralabs.slack.com/messages/@praveen/files/F07H91WMA/,Tab,Tab Switched
19:00,,other,,,,https://www.dropbox.com/home,Tab,New Tab
19:00,,other,,,,https://www.dropbox.com/home,Tab,Tab Closed
19:00,,other,,,,https://taralabs.slack.com/messages/@praveen/,Tab,New Tab
19:00,,other,,,,https://taralabs.slack.com/messages/veda-java-progress/,Tab,New Tab
19:00,,other,,,,https://taralabs.slack.com/messages/@praveen/,Mouse,4
19:00,,other,,,,https://www.workingon.co/work,Tab,Tab Switched
19:01,,other,,,,https://www.dropbox.com/home,Tab,Tab Switched
19:01,Java,2,,,problem_set,https://www.udacity.com/course/viewer#!/c-cs046/l-208887248/e-213343457/m-213343458,Tab,Tab Switched
19:01,,other,,,,https://www.workingon.co/work,Tab,Tab Switched
19:01,,other,,,,https://taralabs.slack.com/messages/veda-java-progress/,Tab,Tab Switched
19:01,,other,,,,https://taralabs.slack.com/messages/@praveen/,Tab,New Tab
19:03,,other,,,,https://taralabs.slack.com/messages/@praveen/,Selected,89
19:03,,other,,,,https://taralabs.slack.com/messages/@praveen/,Tab,Tab Switched
19:03,,other,,,,https://taralabs.slack.com/messages/@praveen/,Mouse,12
19:03,,other,,,,http://student-monitor.appspot.com/getchromedata,Tab,New Tab
19:03,,,,,,,Tab,Tab Closed [TabID:136]
19:04,,other,,,,http://student-monitor.appspot.com/getMail,Tab,New Tab
19:04,,s,,,,https://www.google.co.in/webhp?sourceid=chrome-instant&ion=1&espv=2&ie=UTF-8,Tab,Tab Switched
19:04,,s,,,,https://www.google.co.in/webhp?sourceid=chrome-instant&ion=1&espv=2&ie=UTF-8#q=text%20format,Tab,New Tab
19:04,,s,,,,https://www.google.co.in/webhp?sourceid=chrome-instant&ion=1&espv=2&ie=UTF-8#q=text+format+excel,Tab,New Tab
19:04,,s,,,,https://www.google.co.in/webhp?sourceid=chrome-instant&ion=1&espv=2&ie=UTF-8#q=convert+txt+to+csv,Tab,New Tab
19:05,,s,,,,https://www.google.co.in/webhp?sourceid=chrome-instant&ion=1&espv=2&ie=UTF-8#q=convert+txt+to+csv,Mouse,1
19:05,,other,,,,https://convertio.co/txt-csv/,Tab,New Tab
19:05,,,,,,,Window,Window maximized
19:05,,,,,,,Window,Window -Possible Minimize
19:06,,,,,,,Window,Window maximized
19:06,,,,,,,Window,Window -Possible Minimize
19:06,,other,,,,https://convertio.co/txt-csv/,Mouse,0
19:06,,other,,,,https://convertio.co/tmp/out/bf149665e23e478b841f9422e2333178/mydata.csv,Tab,Tab Switched
19:06,,other,,,,https://convertio.co/txt-csv/,Mouse,15
19:06,,other,,,,https://convertio.co/txt-csv/,Selected,255
19:06,,,,,,,Tab,Tab Closed [TabID:146]
19:06,,other,,,,https://convertio.co/txt-csv/,Tab,Tab Switched
19:06,,,,,,,Window,Window maximized
19:06,,,,,,,Window,Window -Possible Minimize
19:06,,,,,,,Window,Window maximized
19:06,,s,,,,https://www.google.co.in/webhp?sourceid=chrome-instant&ion=1&espv=2&ie=UTF-8#q=excel%20online,Tab,New Tab
19:06,,,,,,,Window,Window -Possible Minimize
19:06,,s,,,,https://www.google.co.in/webhp?sourceid=chrome-instant&ion=1&espv=2&ie=UTF-8,Tab,Tab Switched
19:07,,other,,,,https://office.live.com/start/Excel.aspx,Tab,New Tab
19:07,,other,,,,https://office.live.com/start/Excel.aspx,Tab,New Tab
19:07,,other,,,,https://login.live.com/login.srf?wa=wsignin1.0&rpsnv=12&ct=1436794642&rver=6.5.6509.0&wp=MBI_SSL_SHARED_SHORT&wreply=https:%2F%2Foffice.live.com%2Fstart%2FExcel.aspx%3Fs%3D1%26auth%3D1%26nf%3D1&lc=1033&id=257526&cbcxt=1&lw=1&fl=easi2,Tab,New Tab
19:07,,other,,,,https://login.live.com/ppsecure/post.srf?wa=wsignin1.0&rpsnv=12&ct=1436794642&rver=6.5.6509.0&wp=MBI_SSL_SHARED_SHORT&wreply=https:%2F%2Foffice.live.com%2Fstart%2FExcel.aspx%3Fs%3D1%26auth%3D1%26nf%3D1&lc=1033&id=257526&cbcxt=1&lw=1&fl=easi2&bk=1436794649&uaid=5a10667a854943269bb41732e1519903&pid=0,Tab,New Tab
19:07,,,,,,,Window,Window maximized
19:07,,other,,,,https://account.live.com/tou/accrue?ru=https://login.live.com/login.srf%3flc%3d1033%26sf%3d1%26id%3d257526%26tw%3d18000%26fs%3d0%26ts%3d-7%26cbcxt%3d1%26sec%3d%26mspp_shared%3d1%26seclog%3d10%26wa%3dwsignin1.0%26wp%3dMBI_SSL_SHARED_SHORT%26ru%3dhttps://office.live.com/start/Excel.aspx%253fs%253d1%2526auth%253d1%2526nf%253d1&mkt=EN-US&uiflavor=web&id=257526,Tab,New Tab
19:08,,other,,,,https://office.live.com/start/Excel.aspx?s=1&auth=1&nf=1,Tab,New Tab
19:08,,other,,,,https://office.live.com/start/Excel.aspx?s=1&auth=1&nf=1#,Tab,New Tab
19:08,,other,,,,https://onedrive.live.com/edit.aspx?resid=EE30742CF97F30C1!2766&app=Excel&wdnd=1&wdNewAndOpenCt=1436794689254&wdPreviousCorrelation=90f096d1%2D92e9%2D4aaa%2Dbfc9%2Da4b50dc424d8,Tab,New Tab
19:08,,other,,,,file:///C:/Users/vedavyas/Downloads/mydata.csv,Tab,New Tab
19:08,,,,,,,Window,Window -Possible Minimize
19:08,,other,,,,https://taralabs.slack.com/messages/@praveen/,Tab,Tab Switched
19:09,,other,,,,file:///C:/Users/vedavyas/Downloads/mydata.csv,Tab,Tab Switched
19:09,,other,,,,https://taralabs.slack.com/messages/@praveen/,Mouse,6
19:10,,other,,,,https://convertio.co/txt-csv/,Tab,Tab Switched
19:10,,other,,,,https://taralabs.slack.com/messages/@praveen/,Tab,Tab Switched
19:10,,other,,,,file:///C:/Users/vedavyas/Downloads/mydata.csv,Tab,Tab Switched
19:11,,other,,,,https://office.live.com/start/Excel.aspx?s=1&auth=1&nf=1#,Tab,New Tab
19:11,,other,,,,https://office.live.com/start/Excel.aspx?s=1&auth=1&nf=1#,Tab,New Tab
19:11,,other,,,,https://office.live.com/start/Excel.aspx?s=1&auth=1&nf=1#,Mouse,1
19:11,,other,,,,https://www.dropbox.com/home,Tab,Tab Switched
19:11,,other,,,,https://www.dropbox.com/home,Mouse,4
19:11,,other,,,,https://office.live.com/start/Excel.aspx?s=1&auth=1&nf=1#,Tab,Tab Switched
19:11,,,,,,,Tab,Tab Switched
19:11,,,,,,,Window,Window normal
19:11,,,,,,,Window,Window Created
19:11,,,,,,,Mouse,1
19:11,,,,,,,Window,Window -Possible Minimize
19:11,,other,,,,https://www.dropbox.com/chooser?origin=https%3A%2F%2Foffice.live.com&app_key=hprgkn88j6tngvz&link_type=preview&trigger=js&multiselect=false&extensions=.xlsx&folderselect=false&iframe=false&version=2,Tab,New Tab
19:12,,,,,,,Window,Window maximized
19:12,,,,,,,Window,Window Closed
19:12,,other,,,,https://www.dropbox.com/chooser?origin=https%3A%2F%2Foffice.live.com&app_key=hprgkn88j6tngvz&link_type=preview&trigger=js&multiselect=false&extensions=.xlsx&folderselect=false&iframe=false&version=2,Tab,Tab Closed
19:12,,,,,,,Window,Window -Possible Minimize
19:12,,other,,,,https://convertio.co/txt-csv/,Tab,Tab Switched
19:12,,s,,,,https://www.google.co.in/webhp?sourceid=chrome-instant&ion=1&espv=2&ie=UTF-8#q=convert+txt+to+csv,Tab,New Tab
19:12,,other,,,,https://support.office.com/en-za/article/Import-or-export-text-txt-or-csv-files-5250ac4c-663c-47ce-937b-339e391393ba,Tab,New Tab
19:13,,other,,,,https://taralabs.slack.com/messages/@praveen/,Tab,Tab Switched
19:14,,other,,,,https://office.live.com/start/Excel.aspx?s=1&auth=1&nf=1#,Tab,Tab Switched
19:14,,other,,,,https://taralabs.slack.com/messages/@praveen/,Mouse,6
19:14,,other,,,,https://support.office.com/en-za/article/Import-or-export-text-txt-or-csv-files-5250ac4c-663c-47ce-937b-339e391393ba,Tab,Tab Switched
19:14,,other,,,,https://taralabs.slack.com/messages/@praveen/,Tab,Tab Switched
19:14,,other,,,,https://taralabs.slack.com/messages/@praveen/,Mouse,6
19:14,,other,,,,https://support.office.com/en-za/article/Import-or-export-text-txt-or-csv-files-5250ac4c-663c-47ce-937b-339e391393ba,Tab,Tab Switched
19:15,,other,,,,https://support.office.com/en-za/article/Import-or-export-text-txt-or-csv-files-5250ac4c-663c-47ce-937b-339e391393ba#bmimport_data_from_a_text_file_by_openi,Tab,New Tab
19:15,,other,,,,https://support.office.com/en-za/article/Import-or-export-text-txt-or-csv-files-5250ac4c-663c-47ce-937b-339e391393ba,Mouse,2
19:15,,other,,,,https://office.live.com/start/Excel.aspx?s=1&auth=1&nf=1#,Tab,Tab Switched
19:15,,,,,,,Window,Window Created
19:15,,,,,,,Tab,Tab Switched
19:15,,,,,,,Window,Window normal
19:15,,,,,,,Mouse,3
19:15,,,,,,,Window,Window -Possible Minimize
19:15,,other,,,,https://www.dropbox.com/chooser?origin=https%3A%2F%2Foffice.live.com&app_key=hprgkn88j6tngvz&link_type=preview&trigger=js&multiselect=false&extensions=.xlsx&folderselect=false&iframe=false&version=2,Tab,New Tab
19:15,,,,,,,Window,Window maximized
19:15,,other,,,,https://www.dropbox.com/chooser?origin=https%3A%2F%2Foffice.live.com&app_key=hprgkn88j6tngvz&link_type=preview&trigger=js&multiselect=false&extensions=.xlsx&folderselect=false&iframe=false&version=2,Tab,Tab Closed
19:15,,,,,,,Window,Window Closed
19:15,,other,,,,null,Mouse,6
19:15,,other,,,,https://office.live.com/start/Excel.aspx?s=1&auth=1&nf=1#,Tab,New Tab
19:15,,other,,,,https://office.live.com/start/Excel.aspx?s=1&auth=0&nf=1&ec=6&originalauth=1&pcid=e5522616-3a8f-4970-91d1-8ad9368a7fb5,Tab,New Tab
19:15,,other,,,,https://office.live.com/start/Excel.aspx?s=1&auth=1&nf=1&pcid=e5522616-3a8f-4970-91d1-8ad9368a7fb5,Tab,New Tab
19:16,,other,,,,https://onedrive.live.com/edit.aspx?resid=EE30742CF97F30C1!2768&app=Excel&wdnd=1&wdNewAndOpenCt=1436795159726&wdPreviousCorrelation=fb9b4bee%2Db5fc%2D4d83%2Dbd6f%2D9a0f8aecd14a,Tab,New Tab
19:16,,other,,,,file:///C:/Users/vedavyas/Downloads/mydata.csv,Tab,New Tab
19:16,,,,,,,Window,Window -Possible Minimize
19:16,,other,,,,file:///C:/Users/vedavyas/Downloads/mydata.csv,Tab,Tab Switched
19:16,,other,,,,https://onedrive.live.com/edit.aspx?resid=EE30742CF97F30C1!2768&app=Excel&wdnd=1&wdNewAndOpenCt=1436795159726&wdPreviousCorrelation=fb9b4bee%2Db5fc%2D4d83%2Dbd6f%2D9a0f8aecd14a,Tab,Tab Switched
19:16,,,,,,,Window,Window maximized
19:16,,other,,,,file:///C:/Users/vedavyas/Downloads/mydata.csv,Tab,Tab Switched
19:16,,,,,,,Window,Window -Possible Minimize
19:16,,other,,,,https://onedrive.live.com/edit.aspx?resid=EE30742CF97F30C1!2768&app=Excel&wdnd=1&wdNewAndOpenCt=1436795159726&wdPreviousCorrelation=fb9b4bee%2Db5fc%2D4d83%2Dbd6f%2D9a0f8aecd14a,Tab,Tab Switched
19:17,,other,,,,file:///C:/Users/vedavyas/Downloads/mydata.csv,Tab,Tab Switched
19:17,,other,,,,https://taralabs.slack.com/messages/@praveen/,Tab,Tab Switched
19:18,,,,,,,Tab,Tab Closed [TabID:144]
19:18,,other,,,,https://taralabs.slack.com/messages/@praveen/,Mouse,7
19:18,,,,,,,Tab,Tab Closed [TabID:138]
19:18,,other,,,,https://onedrive.live.com/edit.aspx?resid=EE30742CF97F30C1!2768&app=Excel&wdnd=1&wdNewAndOpenCt=1436795159726&wdPreviousCorrelation=fb9b4bee%2Db5fc%2D4d83%2Dbd6f%2D9a0f8aecd14a,Tab,Tab Switched
19:18,,other,,,,https://www.dropbox.com/home,Tab,Tab Switched
19:18,,,,,,,Tab,Tab Closed [TabID:158]
19:18,,other,,,,file:///C:/Users/vedavyas/Downloads/mydata.csv,Tab,Tab Switched
19:18,,,,,,,Tab,Tab Closed [TabID:150]
