TimeStamp,Course Name,Module,Problem,Duration,Content Type,Url,eventtype ,eventdata 
14/07/2015 00:19:22 ,,,,,,https://www.google.co.in/,Tab ,New Tab 
14/07/2015 00:19:22 ,,,,,,,Window ,Window maximized 
14/07/2015 00:19:22 ,,,,,,https://www.google.co.in/,Tab ,Tab Switched 
14/07/2015 00:19:22 ,,,,,,,Window ,Window Created 
14/07/2015 00:19:25 ,,,,,,https://www.google.co.in/,Mouse ,MOUSE3: Mouse clicked! (772  111) A [Tag Name :A] undefined 
14/07/2015 00:19:26 ,,,,,,https://accounts.google.com/ServiceLogin?service=mail&passive=true&rm=false&continue=https://mail.google.com/mail/?tab%3Dwm&scc=1&ltmpl=default&ltmplcache=2&emr=1&osid=1#identifier,Tab ,New Tab 
14/07/2015 00:19:34 ,,,,,,https://accounts.google.com/ServiceLogin?service=mail&passive=true&rm=false&continue=https://mail.google.com/mail/?tab%3Dwm&scc=1&ltmpl=default&ltmplcache=2&emr=1&osid=1#password,Tab ,New Tab 
14/07/2015 00:19:39 ,,,,,,https://accounts.google.com/ServiceLoginAuth,Tab ,New Tab 
14/07/2015 00:19:42 ,,,,,,https://mail.google.com/mail/u/0/?tab=wm,Tab ,New Tab 
14/07/2015 00:19:44 ,,,,,,https://mail.google.com/mail/u/0/?tab=wm#inbox,Tab ,New Tab 
14/07/2015 00:19:52 ,,,,,,https://mail.google.com/mail/u/0/?tab=wm#inbox/14e88aabcce7f42d,Tab ,New Tab 
14/07/2015 00:19:59 ,,,,,,,Window ,Window -Possible Minimize 
14/07/2015 00:20:20 ,,,,,,http://www.glassdoor.co.in/partner/jobListing.htm?pos=101&ao=43297&s=224&guid=0000014e872a341d9f0f7e9701ca990a&src=GD_JOB_AD&t=JA&extid=1370&exst=OL&ist=&ast=OL&vt=e&ja=17135918&uido=143CC128203908E4013A5980878A7C9D&slr=false&cb=1436786767538&jobListingId=1507503229&utm_medium=email&utm_source=jobalert&utm_campaign=jobAlertAlert&utm_content=ja-jobtitle&encryptedUserId=143CC128203908E4013A5980878A7C9D,Tab ,Tab Switched 
14/07/2015 00:20:21 ,,,,,,https://mail.google.com/mail/u/0/?tab=wm#inbox/14e88aabcce7f42d,Tab ,Tab Switched 
14/07/2015 00:20:23 ,,,,,,https://mail.google.com/mail/u/0/?tab=wm#inbox,Tab ,New Tab 
14/07/2015 00:20:35 ,,,,,,http://www.glassdoor.co.in/partner/jobListing.htm?pos=101&ao=43297&s=224&guid=0000014e872a341d9f0f7e9701ca990a&src=GD_JOB_AD&t=JA&extid=1370&exst=OL&ist=&ast=OL&vt=e&ja=17135918&uido=143CC128203908E4013A5980878A7C9D&slr=false&cb=1436786767538&jobListingId=1507503229&utm_medium=email&utm_source=jobalert&utm_campaign=jobAlertAlert&utm_content=ja-jobtitle&encryptedUserId=143CC128203908E4013A5980878A7C9D,Tab ,Tab Switched 
14/07/2015 00:20:36 ,,,,,,https://mail.google.com/mail/u/0/?tab=wm#inbox,Tab ,Tab Switched 
14/07/2015 00:20:45 ,,,,,,,Window ,Window Created 
14/07/2015 00:20:45 ,,,,,,,Window ,Window normal 
14/07/2015 00:20:45 ,,,,,,https://plus.google.com/hangouts/_/CONVERSATION/Ugw8Eb1M-eL-hg5ll194AaABAQ?hl=en&hscid=1436813445076616911&hpe=124nrbu93dh2be&hpn=Veda%20Vyas&hisdn=Veda&hnc=0&hs=38,Tab ,Tab Switched 
14/07/2015 00:20:47 ,,,,,,https://plus.google.com/hangouts/_/gzxwbwtqjzaewmztuezeyihq5ma?hl=en,Tab ,New Tab 
14/07/2015 00:20:49 ,,,,,,,Window ,Window -Possible Minimize 
14/07/2015 00:20:53 ,,,,,,https://plus.google.com/hangouts/_/gzxwbwtqjzaewmztuezeyihq5ma?hl=en,Tab ,Tab Closed 
14/07/2015 00:20:53 ,,,,,,,Window ,Window maximized 
14/07/2015 00:20:53 ,,,,,,,Window ,Window Closed 
14/07/2015 00:20:56 ,,,,,,,Window ,Window -Possible Minimize 
14/07/2015 00:20:56 ,,,,,,http://www.glassdoor.co.in/partner/jobListing.htm?pos=101&ao=43297&s=224&guid=0000014e872a341d9f0f7e9701ca990a&src=GD_JOB_AD&t=JA&extid=1370&exst=OL&ist=&ast=OL&vt=e&ja=17135918&uido=143CC128203908E4013A5980878A7C9D&slr=false&cb=1436786767538&jobListingId=1507503229&utm_medium=email&utm_source=jobalert&utm_campaign=jobAlertAlert&utm_content=ja-jobtitle&encryptedUserId=143CC128203908E4013A5980878A7C9D,Tab ,Tab Switched 
14/07/2015 00:21:02 ,,,,,,http://www.glassdoor.co.in/job-listing/web-developer-JV_IC2865319_KO0 13_IE693691.htm?jl=1507503229&utm_source=jobalert&utm_medium=email&utm_content=ja-jobtitle&utm_campaign=jobAlertAlert,Tab ,New Tab 
14/07/2015 00:21:03 ,,,,,,http://www.glassdoor.co.in/job-listing/web-developer-JV_IC2865319_KO0 13_IE693691.htm?jl=1507503229&utm_source=jobalert&utm_medium=email&utm_content=ja-jobtitle&utm_campaign=jobAlertAlert,Tab ,New Tab 
14/07/2015 00:21:07 ,,,,,,http://www.glassdoor.co.in/job-listing/web-developer-JV_IC2865319_KO0 13_IE693691.htm?jl=1507503229&utm_source=jobalert&utm_medium=email&utm_content=ja-jobtitle&utm_campaign=jobAlertAlert,Tab ,New Tab 
14/07/2015 00:21:08 ,,,,,,https://mail.google.com/mail/u/0/?tab=wm#inbox,Tab ,Tab Switched 
14/07/2015 00:21:08 ,,,,,,http://www.glassdoor.co.in/job-listing/web-developer-JV_IC2865319_KO0 13_IE693691.htm?jl=1507503229&utm_source=jobalert&utm_medium=email&utm_content=ja-jobtitle&utm_campaign=jobAlertAlert,Tab ,Tab Closed 
14/07/2015 00:21:10 ,,,,,,https://mail.google.com/mail/u/0/?tab=wm#inbox,Tab ,Tab Closed 
14/07/2015 00:21:10 ,,,,,,,Window ,Window Closed 
14/07/2015 10:15:22 ,,,,,,https://mail.google.com/mail/u/0/?tab=wm#inbox,Tab ,Tab Switched 
14/07/2015 10:15:25 ,,,,,,https://mail.google.com/mail/u/0/?tab=wm#inbox/14e8ad9e06589d76,Tab ,New Tab 
14/07/2015 10:15:58 ,,,,,,https://mail.google.com/mail/u/0/?tab=wm#inbox/14e8ad9e06589d76,Mouse ,MOUSE3: Mouse clicked! (477  245) TD [Tag Name :TD] undefined 
14/07/2015 10:15:58 ,,,,,,https://mail.google.com/mail/u/0/?tab=wm#inbox,Tab ,New Tab 
,,,,,,,,MOUSE3: Mouse clicked! (220
14/07/2015 10:16:11 ,,,,,,,Tab ,Tab Closed [TabID:107] 
14/07/2015 10:16:12 ,,,,,,https://mail.google.com/mail/u/0/?tab=wm#inbox,Tab ,Tab Switched 
14/07/2015 10:16:43 ,,,,,,,Tab ,Tab Switched 
,,,,,,,,MOUSE3: Mouse clicked! (919
14/07/2015 10:16:48 ,,,,,,https://inbox.google.com/u/0/?pli=1,Tab ,New Tab 
14/07/2015 10:19:10 ,,,,,,https://www.udacity.com/course/viewer?utm_campaign=welcome_cs101&utm_source=sendgrid&utm_medium=email#!/c-cs101/l-299053470/e-298929650/m-298929651,Tab ,New Tab 
14/07/2015 10:19:12 ,,,,,,https://www.udacity.com/course/viewer?utm_campaign=welcome_cs101&utm_source=sendgrid&utm_medium=email#!/c-cs101/l-299053470/e-298929650/m-298929651,Mouse ,MOUSE3: Mouse clicked! (59  383) SPAN [Tag Name :SPAN] undefined 
14/07/2015 10:19:14 ,,,,,,https://www.udacity.com/course/viewer#!/c-cs101,Tab ,New Tab 
14/07/2015 10:19:15 ,,,,,,https://www.udacity.com/course/viewer#!/c-cs101/l-48299949,Tab ,New Tab 
14/07/2015 10:19:20 ,,,,,,https://www.udacity.com/course/viewer#!/c-cs101/l-48299949/m-48698544,Tab ,New Tab 
,,,,,,,,MOUSE3: Mouse clicked! (323
14/07/2015 10:19:52 ,,,,,,https://www.udacity.com/course/viewer#!/c-cs101/l-48299949/m-48698544,Selected ,> Introduction
14/07/2015 10:19:52 ,,,,,,https://www.udacity.com/course/viewer#!/c-cs101/l-48299949,Tab ,New Tab 
14/07/2015 10:19:52 ,,,,,,https://www.udacity.com/course/viewer#!/c-cs101,Tab ,New Tab 
14/07/2015 10:19:55 ,,,,,,https://inbox.google.com/u/0/?pli=1,Tab ,Tab Switched 
14/07/2015 10:19:55 ,,,,,,https://www.udacity.com/course/viewer?utm_campaign=welcome_cs101&utm_source=sendgrid&utm_medium=email#!/c-cs101/l-299053470/e-298929650/m-298929651,Tab ,New Tab 
14/07/2015 10:20:57 ,,,,,,https://inbox.google.com/u/0/?pli=1,Screen ,idle 
14/07/2015 10:22:03 ,,,,,,https://www.udacity.com/course/viewer?utm_campaign=welcome_cs101&utm_source=sendgrid&utm_medium=email#!/c-cs101/l-299053470/e-298929650/m-298929651,Tab ,Tab Switched 
14/07/2015 10:22:03 ,,,,,,https://inbox.google.com/u/0/?pli=1,Screen ,active 
,,,,,,,,MOUSE3: Mouse clicked! (641
14/07/2015 10:22:10 ,,,,,,https://www.udacity.com/account/auth#!/signin,Tab ,New Tab 
14/07/2015 10:22:22 ,,,,,,https://inbox.google.com/u/0/?pli=1,Tab ,Tab Switched 
,,,,,,,,MOUSE3: Mouse clicked! (0
14/07/2015 10:22:23 ,,,,,,https://mail.google.com/mail/u/0/?tab=wm#inbox,Tab ,Tab Switched 
14/07/2015 10:22:24 ,,,,,,https://mail.google.com/mail/u/0/?tab=wm#inbox/14e8ae804b37f7e4,Tab ,New Tab 
,,,,,,,,MOUSE3: Mouse clicked! (317
14/07/2015 10:22:27 ,,,,,,https://mail.google.com/mail/u/0/?tab=wm#inbox/14e8ae804b37f7e4?projector=1,Tab ,New Tab 
,,,,,,,,MOUSE3: Mouse clicked! (322
14/07/2015 10:22:33 ,,,,,,https://www.python.org/downloads/,Tab ,Tab Switched 
,,,,,,,,MOUSE3: Mouse clicked! (575
14/07/2015 10:22:36 ,,,,,,https://mail.google.com/mail/u/0/?tab=wm#inbox/14e8ae804b37f7e4?projector=1,Tab ,Tab Switched 
14/07/2015 10:22:40 ,,,,,,https://www.python.org/downloads/,Tab ,New Tab 
14/07/2015 10:22:40 ,,,,,,https://mail.google.com/mail/u/0/?tab=wm#inbox/14e8ae804b37f7e4?projector=1,Mouse ,MOUSE3: Mouse clicked! (0  0) BUTTON [Tag Name :BUTTON]
14/07/2015 10:22:40 ,,,,,,https://mail.google.com/mail/u/0/?tab=wm#inbox/14e8ae804b37f7e4?projector=1,Mouse ,MOUSE2: [object HTMLInputElement]~ modTest: [text]
14/07/2015 10:22:44 ,,,,,,https://www.python.org/downloads/,Tab ,Tab Switched 
14/07/2015 10:22:50 ,,,,,,,Window ,Window maximized 
14/07/2015 10:23:09 ,,,,,,https://www.python.org/downloads/,Mouse ,MOUSE3: Mouse clicked! (296  400) A [Tag Name :A] undefined 
14/07/2015 10:23:09 ,,,,,,https://mail.google.com/mail/u/0/?tab=wm#inbox/14e8ae804b37f7e4?projector=1,Tab ,Tab Switched 
14/07/2015 10:23:09 ,,,,,,,Window ,Window -Possible Minimize 
14/07/2015 10:23:15 ,,,,,,,Window ,Window maximized 
14/07/2015 10:23:39 ,,,,,,https://mail.google.com/mail/u/0/?tab=wm#inbox/14e8ae804b37f7e4?projector=1,Screen ,locked 
14/07/2015 10:23:42 ,,,,,,https://mail.google.com/mail/u/0/?tab=wm#inbox/14e8ae804b37f7e4?projector=1,Screen ,active 
14/07/2015 10:24:59 ,,,,,,https://pip.pypa.io/en/latest/installing.html,Tab ,Tab Switched 
,,,,,,,,MOUSE3: Mouse clicked! (374
14/07/2015 10:24:59 ,,,,,,,Window ,Window -Possible Minimize 
14/07/2015 10:25:02 ,,,,,,https://pip.pypa.io/en/latest/installing.html,Tab ,New Tab 
14/07/2015 10:25:02 ,,,,,,https://mail.google.com/mail/u/0/?tab=wm#inbox/14e8ae804b37f7e4?projector=1,Tab ,Tab Switched 
14/07/2015 10:25:02 ,,,,,,https://pip.pypa.io/en/latest/installing.html,Tab ,Tab Closed 
14/07/2015 10:26:08 ,,,,,,,Window ,Window maximized 
,,,,,,,,MOUSE3: Mouse clicked! (392
14/07/2015 10:26:11 ,,,,,,,Window ,Window -Possible Minimize 
14/07/2015 10:26:11 ,,,,,,http://docs.python-guide.org/en/latest/starting/install/win/,Tab ,Tab Switched 
14/07/2015 10:26:23 ,,,,,,http://docs.python-guide.org/en/latest/starting/install/win/,Tab ,New Tab 
14/07/2015 10:26:29 ,,,,,,https://bitbucket.org/pypa/setuptools/raw/bootstrap/ez_setup.py,Tab ,New Tab 
14/07/2015 10:26:31 ,,,,,,https://bitbucket.org/pypa/setuptools/raw/bootstrap/ez_setup.py,Tab ,New Tab 
14/07/2015 10:26:39 ,,,,,,http://docs.python-guide.org/en/latest/starting/install/win/,Tab ,New Tab 
14/07/2015 10:26:50 ,,,,,,,Window ,Window maximized 
14/07/2015 10:29:11 ,,,,,,,Window ,Window -Possible Minimize 
14/07/2015 10:29:11 ,,,,,,https://mail.google.com/mail/u/0/?tab=wm#inbox/14e8ae804b37f7e4?projector=1,Tab ,Tab Switched 
14/07/2015 10:29:13 ,,,,,,http://sourceforge.net/projects/pywin32/files/pywin32/Build%20219/,Tab ,Tab Switched 
,,,,,,,,MOUSE3: Mouse clicked! (362
14/07/2015 10:29:39 ,,,,,,,Window ,Window maximized 
14/07/2015 10:29:53 ,,,,,,,Window ,Window -Possible Minimize 
14/07/2015 10:29:55 ,,,,,,http://sourceforge.net/projects/pywin32/files/pywin32/Build%20219/pywin32-219.win32-py2.7.exe/download,Tab ,Tab Switched 
14/07/2015 10:29:57 ,,,,,,http://sourceforge.net/projects/pywin32/files/pywin32/Build%20219/,Tab ,New Tab 
14/07/2015 10:30:02 ,,,,,,http://sourceforge.net/projects/pywin32/files/pywin32/Build%20219/pywin32-219.win32-py2.7.exe/download,Tab ,New Tab 
14/07/2015 10:30:07 ,,,,,,,Window ,Window maximized 
14/07/2015 10:30:16 ,,,,,,http://sourceforge.net/projects/pywin32/files/pywin32/Build%20219/pywin32-219.win32-py2.7.exe/download,Screen ,locked 
14/07/2015 10:30:18 ,,,,,,http://sourceforge.net/projects/pywin32/files/pywin32/Build%20219/pywin32-219.win32-py2.7.exe/download,Screen ,active 
14/07/2015 10:30:40 ,,,,,,http://sourceforge.net/projects/pywin32/files/pywin32/Build%20219/,Tab ,Tab Switched 
14/07/2015 10:30:40 ,,,,,,,Window ,Window -Possible Minimize 
14/07/2015 10:30:41 ,,,,,,http://sourceforge.net/projects/pywin32/files/pywin32/Build%20219/pywin32-219.win32-py2.7.exe/download,Tab ,Tab Switched 
14/07/2015 10:30:42 ,,,,,,,Tab ,Tab Closed [TabID:133] 
14/07/2015 10:30:42 ,,,,,,http://sourceforge.net/projects/pywin32/files/pywin32/Build%20219/,Tab ,Tab Switched 
14/07/2015 10:30:43 ,,,,,,https://mail.google.com/mail/u/0/?tab=wm#inbox/14e8ae804b37f7e4?projector=1,Tab ,Tab Switched 
,,,,,,,,MOUSE3: Mouse clicked! (394
14/07/2015 10:30:48 ,,,,,,https://www.dropbox.com/s/93awpea3ilnuu7z/setup.exe?dl=0,Tab ,Tab Switched 
14/07/2015 10:31:03 ,,,,,,https://www.dropbox.com/s/93awpea3ilnuu7z/setup.exe?dl=0,Tab ,New Tab 
14/07/2015 10:31:35 ,,,,,,https://www.dropbox.com/s/93awpea3ilnuu7z/setup.exe?dl=0,Tab ,New Tab 
14/07/2015 10:31:35 ,,,,,,https://www.dropbox.com/s/93awpea3ilnuu7z/setup.exe?dl=0,Mouse ,MOUSE3: Mouse clicked! (451  450) DIV [Tag Name :DIV] undefined 
14/07/2015 10:31:49 ,,,,,,,Window ,Window maximized 
14/07/2015 10:38:42 ,,,,,,https://www.dropbox.com/s/93awpea3ilnuu7z/setup.exe?dl=0,Screen ,idle 
14/07/2015 10:39:17 ,,,,,,https://www.dropbox.com/s/93awpea3ilnuu7z/setup.exe?dl=0,Screen ,active 
,,,,,,,,MOUSE3: Mouse clicked! (810
14/07/2015 10:39:29 ,,,,,,https://www.dropbox.com/s/jo1jqsbdrbdy7a7/3-%2022-06-2015%20-%20CALL%20LETTER.pdf,Tab ,New Tab 
14/07/2015 10:39:40 ,,,,,,https://www.dropbox.com/s/93awpea3ilnuu7z/setup.exe?dl=0,Tab ,New Tab 
14/07/2015 10:40:39 ,,,,,,https://www.dropbox.com/s/93awpea3ilnuu7z/setup.exe?dl=0,Screen ,idle 
14/07/2015 10:42:16 ,,,,,,https://www.dropbox.com/s/93awpea3ilnuu7z/setup.exe?dl=0,Screen ,active 
14/07/2015 10:43:10 ,,,,,,https://www.dropbox.com/s/93awpea3ilnuu7z/setup.exe?dl=0,Screen ,locked 
14/07/2015 10:43:11 ,,,,,,https://www.dropbox.com/s/93awpea3ilnuu7z/setup.exe?dl=0,Screen ,active 
14/07/2015 10:43:18 ,,,,,,https://www.dropbox.com/s/93awpea3ilnuu7z/setup.exe?dl=0,Screen ,locked 
14/07/2015 10:43:20 ,,,,,,https://www.dropbox.com/s/93awpea3ilnuu7z/setup.exe?dl=0,Screen ,active 
14/07/2015 10:48:57 ,,,,,,,Window ,Window -Possible Minimize 
14/07/2015 10:48:57 ,,,,,,https://mail.google.com/mail/u/0/?tab=wm#inbox/14e8ae804b37f7e4?projector=1,Tab ,Tab Switched 
,,,,,,,,MOUSE3: Mouse clicked! (597
14/07/2015 10:49:03 ,,,,,,http://www.microsoft.com/en-us/download/details.aspx?id=44266,Tab ,Tab Switched 
14/07/2015 10:49:10 ,,,,,,http://www.microsoft.com/en-us/download/details.aspx?id=44266,Tab ,New Tab 
14/07/2015 10:49:21 ,,,,,,http://www.microsoft.com/en-us/download/confirmation.aspx?id=44266,Tab ,New Tab 
14/07/2015 10:49:23 ,,,,,,,Window ,Window maximized 
14/07/2015 10:51:03 ,,,,,,http://www.microsoft.com/en-us/download/confirmation.aspx?id=44266,Screen ,idle 
14/07/2015 10:51:06 ,,,,,,http://www.microsoft.com/en-us/download/confirmation.aspx?id=44266,Screen ,active 
14/07/2015 10:52:22 ,,,,,,,Window ,Window -Possible Minimize 
14/07/2015 10:53:25 ,,,,,,http://www.microsoft.com/en-us/download/confirmation.aspx?id=44266,Screen ,locked 
14/07/2015 10:53:25 ,,,,,,http://www.microsoft.com/en-us/download/confirmation.aspx?id=44266,Screen ,active 
14/07/2015 10:54:14 ,,,,,,http://www.microsoft.com/en-us/download/confirmation.aspx?id=44266,Screen ,locked 
14/07/2015 10:54:16 ,,,,,,http://www.microsoft.com/en-us/download/confirmation.aspx?id=44266,Screen ,active 
14/07/2015 10:54:23 ,,,,,,http://www.microsoft.com/en-us/download/confirmation.aspx?id=44266,Screen ,locked 
14/07/2015 10:54:25 ,,,,,,http://www.microsoft.com/en-us/download/confirmation.aspx?id=44266,Screen ,active 
14/07/2015 10:59:07 ,,,,,,http://www.microsoft.com/en-us/download/confirmation.aspx?id=44266,Screen ,idle 
14/07/2015 10:59:10 ,,,,,,http://www.microsoft.com/en-us/download/confirmation.aspx?id=44266,Screen ,active 
14/07/2015 11:02:09 ,,,,,,http://www.microsoft.com/en-us/download/confirmation.aspx?id=44266,Screen ,locked 
14/07/2015 11:02:09 ,,,,,,http://www.microsoft.com/en-us/download/confirmation.aspx?id=44266,Screen ,active 
14/07/2015 11:03:26 ,,,,,,http://www.microsoft.com/en-us/download/confirmation.aspx?id=44266,Screen ,idle 
14/07/2015 11:03:27 ,,,,,,http://www.microsoft.com/en-us/download/confirmation.aspx?id=44266,Screen ,active 
14/07/2015 11:03:33 ,,,,,,,Window ,Window maximized 
14/07/2015 11:03:34 ,,,,,,,Window ,Window -Possible Minimize 
14/07/2015 11:03:34 ,,,,,,https://mail.google.com/mail/u/0/?tab=wm#inbox/14e8ae804b37f7e4?projector=1,Tab ,Tab Switched 
14/07/2015 11:03:41 ,,,,,,https://mail.google.com/mail/u/0/?tab=wm#inbox/14e8ae804b37f7e4,Tab ,New Tab 
,,,,,,,,MOUSE3: Mouse clicked! (976
14/07/2015 11:03:49 ,,,,,,https://mail.google.com/mail/u/0/?tab=wm#inbox,Tab ,New Tab 
,,,,,,,,MOUSE3: Mouse clicked! (0
14/07/2015 11:03:54 ,,,,,,https://mail.google.com/mail/u/0/?tab=wm#inbox/14e8ae15703db656,Tab ,New Tab 
14/07/2015 11:04:59 ,,,,,,https://mail.google.com/mail/u/0/?tab=wm#sent,Tab ,New Tab 
14/07/2015 11:05:04 ,,,,,,https://mail.google.com/mail/u/0/?tab=wm#sent/14e888a0f333aed0,Tab ,New Tab 
14/07/2015 11:05:15 ,,,,,,,Window ,Window maximized 
14/07/2015 11:05:18 ,,,,,,https://mail.google.com/mail/u/0/?tab=wm#sent/14e888a0f333aed0,Selected ,else else else else else else else else else From tomorrow I will be starting JAVA. Anything else you want me to do sir? From tomorrow I will be starting JAVA. Anything else you want me to do sir? From tomorrow I will be starting JAVA. Anything else you want me to do sir? From tomorrow I will be starting JAVA. Anything else you want me to do sir? From tomorrow I will be starting JAVA. Anything else you want me to do sir? From tomorrow I will be starting JAVA. Anything else you want me to do sir? From tomorrow I will be starting JAVA. Anything else you want me to do sir? From tomorrow I will be starting JAVA. Anything else you want me to do sir? From tomorrow I will be starting JAVA. Anything else you want me to do sir?
14/07/2015 11:05:18 ,,,,,,https://mail.google.com/mail/u/0/?tab=wm#sent,Tab ,New Tab 
,,,,,,,,MOUSE3: Mouse clicked! (231
14/07/2015 11:05:22 ,,,,,,https://mail.google.com/mail/u/0/?tab=wm#sent/14e720e470f0e82a,Tab ,New Tab 
14/07/2015 11:05:28 ,,,,,,,Window ,Window -Possible Minimize 
14/07/2015 11:05:31 ,,,,,,https://mail.google.com/mail/u/0/?tab=wm#sent,Tab ,New Tab 
14/07/2015 11:05:31 ,,,,,,https://mail.google.com/mail/u/0/?tab=wm#sent/14e720e470f0e82a,Selected ,Time.  : 07.28 AM Time.  : 07.28 AM Time.  : 07.28 AM Time.  : 07.28 AM Time.  : 07.28 AM Time.  : 07.28 AM Time.  : 07.28 AM Time.  : 07.28 AM Time.  : 07.28 AM Time.  : 07.28 AM Time.  : 07.28 AM Time.  : 07.28 AM Time.  : 07.28 AM Time.  : 07.28 AM Time.  : 07.28 AM Time.  : 07.28 AM Time.  : 07.28 AM Time.  : 07.28 AM
14/07/2015 11:05:34 ,,,,,,https://www.dropbox.com/s/93awpea3ilnuu7z/setup.exe?dl=0,Tab ,Tab Switched 
,,,,,,,,MOUSE3: Mouse clicked! (236
14/07/2015 11:06:40 ,,,,,,https://www.dropbox.com/s/93awpea3ilnuu7z/setup.exe?dl=0,Screen ,idle 
14/07/2015 11:07:45 ,,,,,,https://www.dropbox.com/s/93awpea3ilnuu7z/setup.exe?dl=0,Screen ,active 
14/07/2015 11:09:06 ,,,,,,,Window ,Window maximized 
14/07/2015 11:09:07 ,,,,,,,Window ,Window -Possible Minimize 
14/07/2015 11:09:25 ,,,,,,https://www.dropbox.com/s/93awpea3ilnuu7z/setup.exe?dl=0,Screen ,locked 
14/07/2015 11:30:18 ,,,,,,https://www.dropbox.com/s/93awpea3ilnuu7z/setup.exe?dl=0,Screen ,active 
14/07/2015 11:30:47 ,,,,,,https://www.dropbox.com/s/93awpea3ilnuu7z/setup.exe?dl=0,Screen ,active 
14/07/2015 11:30:47 ,,,,,,https://www.dropbox.com/s/93awpea3ilnuu7z/setup.exe?dl=0,Screen ,locked 
14/07/2015 11:36:40 ,,,,,,https://www.dropbox.com/s/93awpea3ilnuu7z/setup.exe?dl=0,Screen ,idle 
14/07/2015 11:36:43 ,,,,,,https://www.dropbox.com/s/93awpea3ilnuu7z/setup.exe?dl=0,Screen ,active 
14/07/2015 11:36:44 ,,,,,,,Window ,Window maximized 
14/07/2015 11:37:50 ,,,,,,https://www.dropbox.com/s/93awpea3ilnuu7z/setup.exe?dl=0,Screen ,idle 
14/07/2015 11:37:54 ,,,,,,https://www.dropbox.com/s/93awpea3ilnuu7z/setup.exe?dl=0,Screen ,active 
14/07/2015 11:38:22 ,,,,,,,Window ,Window -Possible Minimize 
14/07/2015 11:38:22 ,,,,,,http://sourceforge.net/projects/pywin32/files/pywin32/Build%20219/,Tab ,Tab Switched 
14/07/2015 11:38:22 ,,,,,,http://docs.python-guide.org/en/latest/starting/install/win/,Tab ,Tab Switched 
14/07/2015 11:38:23 ,,,,,,http://www.microsoft.com/en-us/download/confirmation.aspx?id=44266,Tab ,Tab Switched 
14/07/2015 11:38:25 ,,,,,,http://sourceforge.net/projects/pywin32/files/pywin32/Build%20219/,Tab ,Tab Switched 
14/07/2015 11:38:25 ,,,,,,,Tab ,Tab Closed [TabID:137] 
14/07/2015 11:38:25 ,,,,,,https://www.dropbox.com/s/93awpea3ilnuu7z/setup.exe?dl=0,Tab ,Tab Switched 
14/07/2015 11:38:25 ,,,,,,,Tab ,Tab Closed [TabID:141] 
14/07/2015 11:38:26 ,,,,,,http://docs.python-guide.org/en/latest/starting/install/win/,Tab ,Tab Switched 
14/07/2015 11:38:26 ,,,,,,,Tab ,Tab Closed [TabID:129] 
14/07/2015 11:38:27 ,,,,,,https://www.python.org/downloads/,Tab ,Tab Switched 
14/07/2015 11:38:27 ,,,,,,,Tab ,Tab Closed [TabID:125] 
14/07/2015 11:38:28 ,,,,,,,Tab ,Tab Closed [TabID:117] 
14/07/2015 11:38:28 ,,,,,,https://inbox.google.com/u/0/?pli=1,Tab ,Tab Switched 
14/07/2015 11:38:29 ,,,,,,,Tab ,Tab Closed [TabID:109] 
14/07/2015 11:38:29 ,,,,,,https://www.udacity.com/account/auth#!/signin,Tab ,Tab Switched 
14/07/2015 11:38:32 ,,,,,,,Window ,Window normal 
14/07/2015 11:38:32 ,,,,,,https://accounts.google.com/o/oauth2/auth?response_type=code&immediate=false&client_id=72069832843-ji15b2fqekfntf5q1k9q0pboieao8hfa.apps.googleusercontent.com&scope=profile%20email&foo=bar&include_granted_scopes=true&proxy=oauth2relay631015341&redirect_uri=postmessage&origin=https%3A%2F%2Fwww.udacity.com&state=2089921741%7C0.3248575036&authuser=0,Tab ,Tab Switched 
14/07/2015 11:38:32 ,,,,,,https://accounts.google.com/o/oauth2/auth?response_type=code&immediate=false&client_id=72069832843-ji15b2fqekfntf5q1k9q0pboieao8hfa.apps.googleusercontent.com&scope=profile%20email&foo=bar&include_granted_scopes=true&proxy=oauth2relay631015341&redirect_uri=postmessage&origin=https%3A%2F%2Fwww.udacity.com&state=2089921741%7C0.3248575036&authuser=0,Mouse ,MOUSE3: Mouse clicked! (497  569) BUTTON [Tag Name :BUTTON]
14/07/2015 11:38:32 ,,,,,,https://accounts.google.com/o/oauth2/auth?response_type=code&immediate=false&client_id=72069832843-ji15b2fqekfntf5q1k9q0pboieao8hfa.apps.googleusercontent.com&scope=profile%20email&foo=bar&include_granted_scopes=true&proxy=oauth2relay631015341&redirect_uri=postmessage&origin=https%3A%2F%2Fwww.udacity.com&state=2089921741%7C0.3248575036&authuser=0,Mouse ,MOUSE2: [object HTMLInputElement]~ : [email] [object HTMLInputElement]~ : [password]
14/07/2015 11:38:32 ,,,,,,,Window ,Window Created 
14/07/2015 11:38:33 ,,,,,,,Window ,Window maximized 
14/07/2015 11:38:33 ,,,,,,,Window ,Window Closed 
14/07/2015 11:38:33 ,,,,,,https://accounts.google.com/o/oauth2/auth?response_type=code&immediate=false&client_id=72069832843-ji15b2fqekfntf5q1k9q0pboieao8hfa.apps.googleusercontent.com&scope=profile%20email&foo=bar&include_granted_scopes=true&proxy=oauth2relay631015341&redirect_uri=postmessage&origin=https%3A%2F%2Fwww.udacity.com&state=2089921741%7C0.3248575036&authuser=0,Tab ,New Tab 
14/07/2015 11:38:33 ,,,,,,https://accounts.google.com/o/oauth2/auth?response_type=code&immediate=false&client_id=72069832843-ji15b2fqekfntf5q1k9q0pboieao8hfa.apps.googleusercontent.com&scope=profile%20email&foo=bar&include_granted_scopes=true&proxy=oauth2relay631015341&redirect_uri=postmessage&origin=https%3A%2F%2Fwww.udacity.com&state=2089921741%7C0.3248575036&authuser=0,Tab ,Tab Closed 
14/07/2015 11:38:33 ,,,,,,,Window ,Window -Possible Minimize 
14/07/2015 11:38:43 ,,,,,,,Window ,Window -Possible Minimize 
14/07/2015 11:38:46 ,,,,,,null,Mouse ,MOUSE3: Mouse clicked! (58  310) SPAN [Tag Name :SPAN] undefined 
14/07/2015 11:38:49 ,,,,,,null,Mouse ,MOUSE3: Mouse clicked! (56  328) A [Tag Name :A] undefined 
14/07/2015 11:38:50 ,,,,,,null,Mouse ,MOUSE3: Mouse clicked! (56  307) SPAN [Tag Name :SPAN] undefined 
14/07/2015 11:38:57 ,,,,,,null,Mouse ,MOUSE3: Mouse clicked! (753  97) A [Tag Name :A] undefined 
14/07/2015 11:39:02 ,,,,,,https://www.udacity.com/courses/all,Tab ,New Tab 
14/07/2015 11:39:13 ,,,,,,https://www.udacity.com/courses/all,Key ,i n t r o [SPACEBAR] t o [SPACEBAR] j a v a 
,,,,,,,,MOUSE3: Mouse clicked! (546
14/07/2015 11:39:16 ,,,,,,https://www.udacity.com/course/intro-to-java-programming--cs046,Tab ,New Tab 
14/07/2015 11:40:17 ,,,,,,https://www.udacity.com/course/intro-to-java-programming--cs046,Mouse ,MOUSE2: MOUSE2:
,,,,,,,,MOUSE3: Mouse clicked! (879
14/07/2015 11:40:20 ,,,,,,https://www.udacity.com/checkout#!/0?products=4788162343206912,Tab ,New Tab 
14/07/2015 11:40:43 ,,,,,,,Window ,Window maximized 
14/07/2015 11:41:17 ,,,,,,https://www.udacity.com/checkout#!/0?products=4788162343206912,Selected ,FREE FREE FREE FREE FREE
14/07/2015 11:41:17 ,,,,,,https://www.udacity.com/checkout#!/0?products=4788162343206912,Mouse ,MOUSE2: [object HTMLInputElement]~ : [text] [object HTMLInputElement]~ : [text] [object HTMLInputElement]~ : [text]
,,,,,,,,MOUSE3: Mouse clicked! (119
14/07/2015 11:41:21 ,,,,,,https://www.udacity.com/checkout#!/0?products=4788162343206912,Mouse ,MOUSE3: Mouse clicked! (919  106) A [Tag Name :A] undefined 
14/07/2015 11:41:23 ,,,,,,https://www.udacity.com/account/auth#!/signup,Tab ,New Tab 
14/07/2015 11:41:38 ,,,,,,,Window ,Window -Possible Minimize 
14/07/2015 11:42:12 ,,,,,,https://www.udacity.com/account/auth#!/signup,Mouse ,MOUSE2: [object HTMLInputElement]~ : mukunda [text] [object HTMLInputElement]~ : reddy [text] [object HTMLInputElement]~ : mukunda_reddy@srmuniv.edu.in [email] [object HTMLInputElement]~ : 8122169229 [password]
,,,,,,,,MOUSE3: Mouse clicked! (351
14/07/2015 11:42:12 ,,,,,,https://www.udacity.com/account/auth#!/signup,Key ,m u k u n d a [TAB] r e d d y [TAB] m u k u n d a _ [SHIFT] r e d d y @ [SHIFT] s r m u n i v . e d u . i m [BACKSPACE] n i w i l l [BACKSPACE] [BACKSPACE] [BACKSPACE] [BACKSPACE] [BACKSPACE] 8 1 2 2 1 6 9 2 2 9 [ENTER] 
14/07/2015 11:42:16 ,,,,,,https://www.udacity.com/me#!/,Tab ,New Tab 
,,,,,,,,MOUSE3: Mouse clicked! (363
14/07/2015 11:42:28 ,,,,,,https://www.udacity.com/me#!/,Mouse ,MOUSE2:
14/07/2015 11:42:30 ,,,,,,https://www.udacity.com/courses/all,Tab ,New Tab 
14/07/2015 11:42:50 ,,,,,,https://www.udacity.com/courses/all,Key ,i n t r o [SPACEBAR] t o [SPACEBAR] j a v a 
,,,,,,,,MOUSE3: Mouse clicked! (565
14/07/2015 11:42:52 ,,,,,,https://www.udacity.com/course/intro-to-java-programming--cs046,Tab ,New Tab 
14/07/2015 11:42:53 ,,,,,,https://www.udacity.com/course/intro-to-java-programming--cs046,Mouse ,MOUSE2:
14/07/2015 11:42:53 ,,,,,,https://www.udacity.com/course/intro-to-java-programming--cs046,Mouse ,MOUSE3: Mouse clicked! (818  447) BUTTON [Tag Name :BUTTON]
14/07/2015 11:42:55 ,,,,,,https://www.udacity.com/checkout#!/0?products=4788162343206912,Tab ,New Tab 
14/07/2015 11:43:00 ,,,,,,,Window ,Window -Possible Minimize 
14/07/2015 11:43:02 ,,,,,,,Window ,Window maximized 
14/07/2015 11:43:02 ,,,,,,,Window ,Window -Possible Minimize 
,,,,,,,,MOUSE3: Mouse clicked! (683
14/07/2015 11:45:09 ,,,,,,https://www.udacity.com/checkout#!/0?products=4788162343206912,Mouse ,MOUSE2: [object HTMLInputElement]~ : [text] [object HTMLInputElement]~ : [text] [object HTMLInputElement]~ : [text] MOUSE2: [object HTMLInputElement]~ : [text] [object HTMLInputElement]~ : [text] [object HTMLInputElement]~ : [text] MOUSE2: [object HTMLInputElement]~ : [text] [object HTMLInputElement]~ : [text] [object HTMLInputElement]~ : [text] MOUSE2: [object HTMLInputElement]~ : [text] [object HTMLInputElement]~ : [text] [object HTMLInputElement]~ : [text] MOUSE2: [object HTMLInputElement]~ : [text] [object HTMLInputElement]~ : [text] [object HTMLInputElement]~ : [text]
14/07/2015 11:45:11 ,,,,,,https://www.udacity.com/course/intro-to-java-programming--cs046,Tab ,New Tab 
,,,,,,,,MOUSE3: Mouse clicked! (899
14/07/2015 11:45:18 ,,,,,,https://www.udacity.com/course/intro-to-java-programming--cs046,Mouse ,MOUSE2: MOUSE2:
14/07/2015 11:45:21 ,,,,,,https://www.udacity.com/course/viewer#!/c-cs046,Tab ,New Tab 
14/07/2015 11:45:26 ,,,,,,https://www.udacity.com/course/viewer#!/c-cs046/l-176475143,Tab ,New Tab 
14/07/2015 11:45:29 ,,,,,,https://www.udacity.com/course/viewer#!/c-cs046/l-176475143/m-178422831,Tab ,New Tab 
14/07/2015 11:46:41 ,,,,,,https://mail.google.com/mail/u/0/?tab=wm#sent,Tab ,Tab Switched 
14/07/2015 11:46:41 ,,,,,,https://www.udacity.com/course/viewer#!/c-cs046/l-176475143/m-178422831,Mouse ,MOUSE3: Mouse clicked! (810  693) DIV [Tag Name :DIV] undefined 
14/07/2015 11:46:41 ,,,,,,,Window ,Window -Possible Minimize 
,,,,,,,,MOUSE3: Mouse clicked! (117
14/07/2015 11:46:48 ,,,,,,https://mail.google.com/mail/u/0/?tab=wm#sent?compose=new,Tab ,New Tab 
14/07/2015 11:46:55 ,,,,,,https://mail.google.com/mail/u/0/?tab=wm#sent?compose=14e8b358351159ce,Tab ,New Tab 
14/07/2015 11:46:57 ,,,,,,https://mail.google.com/mail/u/0/?tab=wm#sent,Tab ,New Tab 
14/07/2015 11:48:05 ,,,,,,https://mail.google.com/mail/u/0/?tab=wm#sent,Screen ,idle 
14/07/2015 11:49:32 ,,,,,,https://mail.google.com/mail/u/0/?tab=wm#sent,Screen ,active 
14/07/2015 11:49:33 ,,,,,,,Window ,Window maximized 
14/07/2015 11:49:35 ,,,,,,https://www.udacity.com/course/viewer#!/c-cs046/l-176475143/m-178422831,Tab ,Tab Switched 
14/07/2015 11:49:35 ,,,,,,,Window ,Window -Possible Minimize 
14/07/2015 11:49:45 ,,,,,,https://www.udacity.com/course/viewer#!/c-cs046/l-176475143/m-179427100,Tab ,New Tab 
14/07/2015 11:50:18 ,,,,,,https://www.udacity.com/course/viewer#!/c-cs046/l-176475143/m-212508589,Tab ,New Tab 
14/07/2015 11:51:25 ,,,,,,https://www.udacity.com/course/viewer#!/c-cs046/l-176475143/m-212508590,Tab ,New Tab 
14/07/2015 11:52:31 ,,,,,,https://www.udacity.com/course/viewer#!/c-cs046/l-176475143/m-212508590,Screen ,idle 
14/07/2015 11:52:49 ,,,,,,https://www.udacity.com/course/viewer#!/c-cs046/l-176475143/e-212297216/m-212297217,Tab ,New Tab 
14/07/2015 11:52:54 ,,,,,,https://www.udacity.com/course/viewer#!/c-cs046/l-176475143/e-212297216/m-212297217,Screen ,active 
14/07/2015 11:53:15 ,,,,,,https://www.udacity.com/course/viewer#!/c-cs046/l-176475143/e-212297216/m-212297218,Tab ,New Tab 
,,,,,,,,MOUSE3: Mouse clicked! (300
14/07/2015 11:53:38 ,,,,,,https://www.udacity.com/course/viewer#!/c-cs046/l-176475143/e-212297216/m-212297219,Tab ,New Tab 
14/07/2015 11:53:38 ,,,,,,https://www.udacity.com/course/viewer#!/c-cs046/l-176475143/e-212297216/m-212297218,Key ,h e l l o [BACKSPACE] [BACKSPACE] [BACKSPACE] [BACKSPACE] [BACKSPACE] H [SHIFT] e l l o   [SPACEBAR] W [SHIFT] o r l d ! [SHIFT] 
14/07/2015 11:54:22 ,,,,,,https://www.udacity.com/course/viewer#!/c-cs046/l-176475143/e-213489298/m-213489299,Tab ,New Tab 
14/07/2015 11:54:58 ,,,,,,https://www.udacity.com/wiki/cs046/bluej/install-windows,Tab ,Tab Switched 
14/07/2015 11:55:00 ,,,,,,https://www.udacity.com/wiki/cs046/bluej/install-windows,Tab ,New Tab 
14/07/2015 11:55:00 ,,,,,,https://www.udacity.com/course/viewer#!/c-cs046/l-176475143/e-213489298/m-213489299,Tab ,Tab Switched 
14/07/2015 11:55:33 ,,,,,,https://www.udacity.com/course/viewer#!/c-cs046/l-176475143/e-213489298/m-213489300,Tab ,New Tab 
,,,,,,,,MOUSE3: Mouse clicked! (473
14/07/2015 11:55:34 ,,,,,,https://www.udacity.com/wiki/cs046/bluej/install-windows,Tab ,Tab Switched 
14/07/2015 11:55:59 ,,,,,,https://www.udacity.com/course/viewer#!/c-cs046/l-176475143/e-213489298/m-213489300,Tab ,Tab Switched 
14/07/2015 11:56:06 ,,,,,,https://www.udacity.com/wiki/cs046/bluej/install-windows,Tab ,Tab Switched 
14/07/2015 11:56:18 ,,,,,,https://www.google.co.in/webhp?sourceid=chrome-instant&ion=1&espv=2&ie=UTF-8,Tab ,Tab Switched 
14/07/2015 11:56:19 ,,,,,,https://www.google.co.in/webhp?sourceid=chrome-instant&ion=1&espv=2&ie=UTF-8#q=download%20java%20jdk%20for%20windows%207%2064%20bit,Tab ,New Tab 
14/07/2015 11:56:23 ,,,,,,https://www.google.co.in/url?sa=t&rct=j&q=&esrc=s&source=web&cd=1&cad=rja&uact=8&ved=0CB0QFjAAahUKEwjVs-vU_tnGAhVDC44KHSnIAKU&url=http%3A%2F%2Fwww.oracle.com%2Ftechnetwork%2Fjava%2Fjavase%2Fdownloads%2Fjdk7-downloads-1880260.html&ei=jKukVdW9B8OWuASpkIOoCg&usg=AFQjCNEYpDVMZ2ThTEsVm4gGXhm8qYsnbA&sig2=JKNjWPLEtimXniHS7DyZJQ&bvm=bv.97653015 d.c2E,Tab ,New Tab 
14/07/2015 11:56:24 ,,,,,,http://www.oracle.com/technetwork/java/javase/downloads/jdk7-downloads-1880260.html,Tab ,Tab Switched 
14/07/2015 11:57:19 ,,,,,,https://www.udacity.com/wiki/cs046/bluej/install-windows,Tab ,Tab Switched 
14/07/2015 11:57:19 ,,,,,,https://www.udacity.com/course/viewer#!/c-cs046/l-176475143/e-213489298/m-213489300,Tab ,Tab Switched 
14/07/2015 11:57:53 ,,,,,,,Window ,Window maximized 
14/07/2015 11:57:54 ,,,,,,http://www.oracle.com/technetwork/java/javase/downloads/jdk7-downloads-1880260.html,Tab ,Tab Switched 
14/07/2015 11:57:54 ,,,,,,,Window ,Window -Possible Minimize 
14/07/2015 11:59:33 ,,,,,,http://www.oracle.com/technetwork/java/javase/downloads/jdk7-downloads-1880260.html,Screen ,idle 
14/07/2015 12:00:03 ,,,,,,http://www.oracle.com/technetwork/java/javase/downloads/jdk7-downloads-1880260.html,Screen ,active 
14/07/2015 12:02:56 ,,,,,,http://www.oracle.com/technetwork/java/javase/downloads/jdk7-downloads-1880260.html,Screen ,idle 
14/07/2015 12:04:15 ,,,,,,http://www.oracle.com/technetwork/java/javase/downloads/jdk7-downloads-1880260.html,Screen ,active 
14/07/2015 12:04:22 ,,,,,,,Window ,Window maximized 
14/07/2015 12:04:23 ,,,,,,https://www.google.co.in/webhp?sourceid=chrome-instant&ion=1&espv=2&ie=UTF-8#q=download%20java%20jdk%20for%20windows%207%2064%20bit,Tab ,Tab Switched 
14/07/2015 12:04:23 ,,,,,,,Window ,Window -Possible Minimize 
14/07/2015 12:04:25 ,,,,,,https://www.udacity.com/wiki/cs046/bluej/install-windows,Tab ,Tab Switched 
14/07/2015 12:04:26 ,,,,,,https://www.udacity.com/course/viewer#!/c-cs046/l-176475143/e-213489298/m-213489300,Tab ,Tab Switched 
14/07/2015 12:05:28 ,,,,,,https://www.udacity.com/course/viewer#!/c-cs046/l-176475143/e-213489298/m-213489300,Screen ,idle 
14/07/2015 12:06:55 ,,,,,,http://www.oracle.com/technetwork/java/javase/downloads/jdk7-downloads-1880260.html,Tab ,New Tab 
14/07/2015 12:10:54 ,,,,,,http://www.oracle.com/technetwork/java/javase/downloads/jdk7-downloads-1880260.html,Screen ,active 
14/07/2015 12:11:10 ,,,,,,,Window ,Window -Possible Minimize 
14/07/2015 12:11:10 ,,,,,,https://www.udacity.com/wiki/cs046/bluej/install-windows,Tab ,Tab Switched 
14/07/2015 12:11:10 ,,,,,,,Window ,Window maximized 
,,,,,,,,MOUSE3: Mouse clicked! (622
14/07/2015 12:11:13 ,,,,,,,Window ,Window maximized 
14/07/2015 12:11:25 ,,,,,,,Window ,Window -Possible Minimize 
14/07/2015 12:11:25 ,,,,,,https://www.google.co.in/webhp?sourceid=chrome-instant&ion=1&espv=2&ie=UTF-8#q=download%20java%20jdk%20for%20windows%207%2064%20bit,Tab ,Tab Switched 
14/07/2015 12:11:27 ,,,,,,http://www.oracle.com/technetwork/java/javase/downloads/jdk7-downloads-1880260.html,Tab ,Tab Switched 
14/07/2015 12:11:50 ,,,,,,https://www.google.co.in/webhp?sourceid=chrome-instant&ion=1&espv=2&ie=UTF-8#q=download%20java%20jdk%20for%20windows%207%2064%20bit,Tab ,Tab Switched 
14/07/2015 12:12:57 ,,,,,,https://www.google.co.in/webhp?sourceid=chrome-instant&ion=1&espv=2&ie=UTF-8#q=download%20java%20jdk%20for%20windows%207%2064%20bit,Screen ,idle 
14/07/2015 12:12:58 ,,,,,,https://www.google.co.in/webhp?sourceid=chrome-instant&ion=1&espv=2&ie=UTF-8#q=download%20java%20jdk%20for%20windows%207%2064%20bit,Screen ,active 
14/07/2015 12:13:02 ,,,,,,https://www.udacity.com/wiki/cs046/bluej/install-windows,Tab ,Tab Switched 
14/07/2015 12:13:03 ,,,,,,https://www.udacity.com/course/viewer#!/c-cs046/l-176475143/e-213489298/m-213489300,Tab ,Tab Switched 
14/07/2015 12:13:16 ,,,,,,https://www.udacity.com/course/viewer#!/c-cs046/l-176475143/e-213489298/m-213489300,Selected ,Downloading Downloading Downloading Downloading Downloading Downloading Downloading Downloading Downloading Downloading Downloading Downloading Downloading Downloading Downloading
14/07/2015 12:13:16 ,,,,,,https://www.udacity.com/wiki/cs046/bluej/install-windows,Tab ,Tab Switched 
14/07/2015 12:13:27 ,,,,,,https://www.google.co.in/webhp?sourceid=chrome-instant&ion=1&espv=2&ie=UTF-8#q=download%20java%20jdk%20for%20windows%207%2064%20bit,Tab ,Tab Switched 
14/07/2015 12:13:28 ,,,,,,http://www.oracle.com/technetwork/java/javase/downloads/jdk7-downloads-1880260.html,Tab ,Tab Switched 
14/07/2015 12:13:57 ,,,,,,,Window ,Window maximized 
,,,,,,,,MOUSE3: Mouse clicked! (343
14/07/2015 12:14:58 ,,,,,,http://www.oracle.com/technetwork/java/javase/downloads/jdk7-downloads-1880260.html,Screen ,idle 
14/07/2015 12:15:05 ,,,,,,http://www.oracle.com/technetwork/java/javase/downloads/jdk7-downloads-1880260.html,Screen ,active 
14/07/2015 12:15:27 ,,,,,,http://www.oracle.com/technetwork/java/javase/downloads/jdk7-downloads-1880260.html,Screen ,locked 
14/07/2015 12:15:28 ,,,,,,http://www.oracle.com/technetwork/java/javase/downloads/jdk7-downloads-1880260.html,Screen ,active 
14/07/2015 12:16:58 ,,,,,,https://www.google.co.in/webhp?sourceid=chrome-instant&ion=1&espv=2&ie=UTF-8#q=download%20java%20jdk%20for%20windows%207%2064%20bit,Tab ,Tab Switched 
14/07/2015 12:16:58 ,,,,,,,Window ,Window -Possible Minimize 
14/07/2015 12:16:58 ,,,,,,https://www.udacity.com/wiki/cs046/bluej/install-windows,Tab ,Tab Switched 
14/07/2015 12:17:16 ,,,,,,https://www.google.co.in/webhp?sourceid=chrome-instant&ion=1&espv=2&ie=UTF-8#q=download%20java%20jdk%20for%20windows%207%2064%20bit,Tab ,Tab Switched 
14/07/2015 12:17:30 ,,,,,,https://www.google.co.in/webhp?sourceid=chrome-instant&ion=1&espv=2&ie=UTF-8,Tab ,Tab Switched 
14/07/2015 12:17:31 ,,,,,,https://www.google.co.in/webhp?sourceid=chrome-instant&ion=1&espv=2&ie=UTF-8#q=download%20bluej%20for%20windows%207,Tab ,New Tab 
14/07/2015 12:17:33 ,,,,,,http://www.bluej.org/,Tab ,Tab Switched 
14/07/2015 12:18:50 ,,,,,,,Tab ,Tab Closed [TabID:176] 
14/07/2015 12:18:50 ,,,,,,,Tab ,Tab Closed [TabID:178] 
14/07/2015 12:18:52 ,,,,,,,Window ,Window maximized 
14/07/2015 12:20:40 ,,,,,,,Window ,Window -Possible Minimize 
14/07/2015 12:20:40 ,,,,,,http://www.oracle.com/technetwork/java/javase/downloads/jdk7-downloads-1880260.html,Tab ,Tab Switched 
14/07/2015 12:20:41 ,,,,,,http://www.bluej.org/,Tab ,Tab Switched 
14/07/2015 12:21:53 ,,,,,,http://www.bluej.org/,Screen ,idle 
14/07/2015 12:22:28 ,,,,,,http://www.bluej.org/,Screen ,active 
14/07/2015 12:23:39 ,,,,,,,Window ,Window maximized 
14/07/2015 12:23:39 ,,,,,,https://www.udacity.com/wiki/cs046/bluej/install-windows,Tab ,Tab Switched 
14/07/2015 12:23:39 ,,,,,,,Window ,Window -Possible Minimize 
14/07/2015 12:23:40 ,,,,,,https://www.udacity.com/course/viewer#!/c-cs046/l-176475143/e-213489298/m-213489300,Tab ,Tab Switched 
14/07/2015 12:24:12 ,,,,,,https://www.udacity.com/wiki/cs046/bluej/install-windows,Tab ,Tab Switched 
14/07/2015 12:24:13 ,,,,,,http://www.bluej.org/,Tab ,Tab Switched 
14/07/2015 12:25:18 ,,,,,,http://www.bluej.org/,Screen ,idle 
14/07/2015 12:34:20 ,,,,,,http://www.bluej.org/,Screen ,active 
14/07/2015 12:35:22 ,,,,,,http://www.bluej.org/,Screen ,idle 
14/07/2015 12:35:49 ,,,,,,http://www.bluej.org/,Screen ,active 
14/07/2015 12:36:50 ,,,,,,http://www.bluej.org/,Screen ,idle 
14/07/2015 12:37:46 ,,,,,,http://www.bluej.org/,Screen ,active 
14/07/2015 12:37:47 ,,,,,,,Window ,Window maximized 
14/07/2015 12:38:16 ,,,,,,http://www.bluej.org/,Screen ,locked 
14/07/2015 12:38:24 ,,,,,,http://www.bluej.org/,Screen ,active 
14/07/2015 12:38:38 ,,,,,,,Window ,Window -Possible Minimize 
14/07/2015 12:38:52 ,,,,,,,Window ,Window maximized 
14/07/2015 12:38:53 ,,,,,,,Window ,Window -Possible Minimize 
14/07/2015 12:38:53 ,,,,,,https://www.udacity.com/wiki/cs046/bluej/install-windows,Tab ,Tab Switched 
14/07/2015 12:38:54 ,,,,,,https://www.udacity.com/course/viewer#!/c-cs046/l-176475143/e-213489298/m-213489300,Tab ,Tab Switched 
14/07/2015 12:38:55 ,,,,,,,Tab ,Tab Closed [TabID:154] 
14/07/2015 12:38:55 ,,,,,,http://www.bluej.org/,Tab ,Tab Switched 
14/07/2015 12:38:56 ,,,,,,http://www.oracle.com/technetwork/java/javase/downloads/jdk7-downloads-1880260.html,Tab ,Tab Switched 
14/07/2015 12:38:56 ,,,,,,,Tab ,Tab Closed [TabID:172] 
14/07/2015 12:38:57 ,,,,,,https://www.udacity.com/course/viewer#!/c-cs046/l-176475143/e-213489298/m-213489300,Tab ,Tab Switched 
14/07/2015 12:38:57 ,,,,,,,Tab ,Tab Closed [TabID:164] 
14/07/2015 12:39:24 ,,,,,,,Window ,Window maximized 
14/07/2015 12:40:05 ,,,,,,https://www.udacity.com/course/viewer#!/c-cs046/l-176475143/e-213489298/m-213489300,Key ,M [SHIFT] i c h e a l [SPACEBAR] k o l l i n g [ENTER] 
14/07/2015 12:40:05 ,,,,,,https://www.udacity.com/course/viewer#!/c-cs046/l-176475143/e-213489298/m-213489301,Tab ,New Tab 
14/07/2015 12:40:40 ,,,,,,https://www.udacity.com/course/viewer#!/c-cs046/l-176475143/e-213489302/m-213489303,Tab ,New Tab 
14/07/2015 12:40:56 ,,,,,,,Window ,Window -Possible Minimize 
14/07/2015 12:41:01 ,,,,,,,Window ,Window maximized 
,,,,,,,,MOUSE3: Mouse clicked! (276
14/07/2015 12:41:09 ,,,,,,https://www.udacity.com/course/viewer#!/c-cs046/l-176475143/e-213489302/m-213489304,Tab ,New Tab 
14/07/2015 12:42:06 ,,,,,,https://www.udacity.com/course/viewer#!/c-cs046/l-176475143/e-213489302/m-213489304,Key ,[CTRL] 
14/07/2015 12:42:06 ,,,,,,https://www.udacity.com/course/viewer#!/c-cs046/l-176475143/e-213489302/m-213489305,Tab ,New Tab 
14/07/2015 12:42:23 ,,,,,,https://www.udacity.com/course/viewer#!/c-cs046/l-176475143/m-212508592,Tab ,New Tab 
14/07/2015 12:44:12 ,,,,,,https://www.udacity.com/course/viewer#!/c-cs046/l-176475143/m-212508592,Screen ,idle 
14/07/2015 12:44:53 ,,,,,,https://www.udacity.com/course/viewer#!/c-cs046/l-176475143/m-212508592,Screen ,active 
14/07/2015 12:44:57 ,,,,,,https://www.udacity.com/course/viewer#!/c-cs046/l-176475143/m-212548618,Tab ,New Tab 
14/07/2015 12:47:30 ,,,,,,https://www.udacity.com/course/viewer#!/c-cs046/l-176475143/m-212508592,Tab ,New Tab 
14/07/2015 12:49:41 ,,,,,,https://www.udacity.com/course/viewer#!/c-cs046/l-176475143/m-212548618,Tab ,New Tab 
14/07/2015 12:58:24 ,,,,,,https://www.udacity.com/course/viewer#!/c-cs046/l-176475143/e-177171508/m-176976481,Screen ,locked 
14/07/2015 13:34:15 ,,,,,,https://www.udacity.com/course/viewer#!/c-cs046/l-176475143/e-177171508/m-176976481,Screen ,active 
14/07/2015 13:35:40 ,,,,,,https://www.udacity.com/course/viewer#!/c-cs046/l-176475143/e-177171508/m-176976481,Screen ,idle 
14/07/2015 13:36:23 ,,,,,,https://www.udacity.com/course/viewer#!/c-cs046/l-176475143/e-177171508/m-176976481,Screen ,active 
14/07/2015 13:37:33 ,,,,,,https://www.udacity.com/course/viewer#!/c-cs046/l-176475143/e-177171508/m-176976481,Screen ,idle 
14/07/2015 13:37:57 ,,,,,,https://www.udacity.com/course/viewer#!/c-cs046/l-176475143/e-177171508/m-176976481,Screen ,active 
14/07/2015 13:37:58 ,,,,,,,Window ,Window maximized 
14/07/2015 13:38:04 ,,,,,,,Window ,Window -Possible Minimize 
14/07/2015 13:38:05 ,,,,,,https://mail.google.com/mail/u/0/?tab=wm#sent,Tab ,Tab Switched 
14/07/2015 13:38:09 ,,,,,,https://www.udacity.com/course/viewer#!/c-cs046/l-176475143/e-177171508/m-176976481,Tab ,New Tab 
,,,,,,,,MOUSE3: Mouse clicked! (311
14/07/2015 13:38:10 ,,,,,,https://mail.google.com/mail/u/0/?tab=wm#inbox,Tab ,New Tab 
14/07/2015 13:38:17 ,,,,,,https://www.udacity.com/course/viewer#!/c-cs046/l-176475143/e-177171508/m-176976481,Tab ,Tab Switched 
14/07/2015 13:38:34 ,,,,,,https://www.udacity.com/course/viewer#!/c-cs046/l-176475143/e-177171508/m-176976481,Mouse ,MOUSE3: Mouse clicked! (725  204) DIV [Tag Name :DIV] undefined 
14/07/2015 13:38:34 ,,,,,,https://www.udacity.com/course/viewer#!/c-cs046/l-176475143/e-177171508/m-177255466,Tab ,New Tab 
14/07/2015 13:38:40 ,,,,,,https://www.udacity.com/course/viewer#!/c-cs046/l-176475143/m-212548618,Tab ,New Tab 
14/07/2015 13:38:40 ,,,,,,https://www.udacity.com/course/viewer#!/c-cs046/l-176475143/e-177171508/m-177255466,Mouse ,MOUSE3: Mouse clicked! (375  266) A [Tag Name :A] undefined 
14/07/2015 13:39:37 ,,,,,,,Window ,Window maximized 
14/07/2015 13:40:50 ,,,,,,https://www.udacity.com/course/viewer#!/c-cs046/l-176475143/e-177171508/m-176976481,Tab ,New Tab 
14/07/2015 13:41:10 ,,,,,,https://www.udacity.com/course/viewer#!/c-cs046/l-176475143/e-177171508/m-177255466,Tab ,New Tab 
14/07/2015 13:43:37 ,,,,,,https://www.udacity.com/course/viewer#!/c-cs046/l-176475143/e-177171508/m-176976482,Tab ,New Tab 
14/07/2015 13:43:37 ,,,,,,https://www.udacity.com/course/viewer#!/c-cs046/l-176475143/e-177171508/m-177255466,Key ,[CTRL] 
,,,,,,,,MOUSE3: Mouse clicked! (196
,,,,,,,,MOUSE3: Mouse clicked! (0
14/07/2015 13:44:37 ,,,,,,https://www.udacity.com/course/viewer#!/c-cs046/l-176475143/e-177034951/m-176976483,Screen ,idle 
14/07/2015 13:44:37 ,,,,,,https://www.udacity.com/course/viewer#!/c-cs046/l-176475143/e-177034951/m-176976483,Tab ,New Tab 
14/07/2015 13:44:50 ,,,,,,https://www.udacity.com/course/viewer#!/c-cs046/l-176475143/e-177034951/m-177255467,Tab ,New Tab 
14/07/2015 13:44:57 ,,,,,,https://www.udacity.com/course/viewer#!/c-cs046/l-176475143/e-177034951/m-177255467,Screen ,active 
,,,,,,,,MOUSE3: Mouse clicked! (345
,,,,,,,,MOUSE3: Mouse clicked! (345
14/07/2015 13:47:07 ,,,,,,https://www.udacity.com/course/viewer#!/c-cs046/l-176475143/e-177034951/m-176976484,Tab ,New Tab 
,,,,,,,,MOUSE3: Mouse clicked! (576
14/07/2015 13:47:13 ,,,,,,https://www.udacity.com/course/viewer#!/c-cs046/l-176475143/e-177034951/m-177255467,Tab ,New Tab 
14/07/2015 13:47:25 ,,,,,,https://www.udacity.com/course/viewer#!/c-cs046/l-176475143/e-177034951/m-177255467,Key ,[SPACEBAR] [RIGHTARROW] [RIGHTARROW] [SPACEBAR] [RIGHTARROW] [RIGHTARROW] [LEFTARROW] [SPACEBAR] [RIGHTARROW] [RIGHTARROW] [LEFTARROW] [SPACEBAR] 
14/07/2015 13:47:25 ,,,,,,https://www.udacity.com/course/viewer#!/c-cs046/l-176475143/e-177034951/m-176976484,Tab ,New Tab 
,,,,,,,,MOUSE3: Mouse clicked! (459
14/07/2015 13:47:51 ,,,,,,https://www.udacity.com/course/viewer#!/c-cs046/l-176475143/m-212548618,Tab ,New Tab 
14/07/2015 13:48:58 ,,,,,,https://www.udacity.com/course/viewer#!/c-cs046/l-176475143/m-212548618,Screen ,idle 
14/07/2015 13:49:37 ,,,,,,https://www.udacity.com/course/viewer#!/c-cs046/l-176475143/e-177171508/m-176976481,Tab ,New Tab 
14/07/2015 13:49:57 ,,,,,,https://www.udacity.com/course/viewer#!/c-cs046/l-176475143/e-177171508/m-177255466,Tab ,New Tab 
14/07/2015 13:49:59 ,,,,,,https://www.udacity.com/course/viewer#!/c-cs046/l-176475143/e-177171508/m-177255466,Screen ,active 
14/07/2015 13:50:12 ,,,,,,https://www.udacity.com/course/viewer#!/c-cs046/l-176475143/e-177171508/m-176976482,Tab ,New Tab 
14/07/2015 13:50:12 ,,,,,,https://www.udacity.com/course/viewer#!/c-cs046/l-176475143/e-177171508/m-177255466,Key ,[BACKSPACE] [BACKSPACE] [BACKSPACE] [BACKSPACE] [BACKSPACE] h e l l o [DOWNARROW] [RIGHTARROW] [BACKSPACE] [BACKSPACE] [BACKSPACE] [BACKSPACE] [BACKSPACE] [BACKSPACE] w o r l d 
14/07/2015 13:50:15 ,,,,,,https://www.udacity.com/course/viewer#!/c-cs046/l-176475143/e-177171508/m-177255466,Tab ,New Tab 
,,,,,,,,MOUSE3: Mouse clicked! (601
,,,,,,,,MOUSE3: Mouse clicked! (554
14/07/2015 13:50:20 ,,,,,,https://www.udacity.com/course/viewer#!/c-cs046/l-176475143/e-177171508/m-176976482,Tab ,New Tab 
14/07/2015 13:51:18 ,,,,,,https://www.udacity.com/course/viewer#!/c-cs046/l-176475143/e-177034951/m-176976483,Tab ,New Tab 
,,,,,,,,MOUSE3: Mouse clicked! (413
14/07/2015 13:51:32 ,,,,,,https://www.udacity.com/course/viewer#!/c-cs046/l-176475143/e-177034951/m-177255467,Tab ,New Tab 
14/07/2015 13:51:38 ,,,,,,https://www.udacity.com/course/viewer#!/c-cs046/l-176475143/e-177034951/m-176976484,Tab ,New Tab 
14/07/2015 13:52:19 ,,,,,,https://www.udacity.com/course/viewer#!/c-cs046/l-176475143/m-176976474,Tab ,New Tab 
14/07/2015 13:54:02 ,,,,,,https://www.udacity.com/course/viewer#!/c-cs046/l-176475143/m-176976474,Screen ,idle 
14/07/2015 13:54:51 ,,,,,,https://www.udacity.com/course/viewer#!/c-cs046/l-176475143/e-177222410/m-176976485,Tab ,New Tab 
14/07/2015 13:55:01 ,,,,,,https://www.udacity.com/course/viewer#!/c-cs046/l-176475143/e-177222410/m-177191715,Tab ,New Tab 
14/07/2015 13:55:08 ,,,,,,https://www.udacity.com/course/viewer#!/c-cs046/l-176475143/e-177222410/m-177191715,Screen ,active 
14/07/2015 13:56:35 ,,,,,,https://www.udacity.com/course/viewer#!/c-cs046/l-176475143/e-177222410/m-177191715,Key ,3 9 
14/07/2015 13:56:35 ,,,,,,https://www.udacity.com/course/viewer#!/c-cs046/l-176475143/e-177222410/m-176976486,Tab ,New Tab 
14/07/2015 13:57:18 ,,,,,,https://www.udacity.com/course/viewer#!/c-cs046/l-176475143/e-177079650/m-176976475,Tab ,New Tab 
14/07/2015 13:58:53 ,,,,,,https://www.udacity.com/course/viewer#!/c-cs046/l-176475143/e-177079650/m-176976475,Screen ,idle 
14/07/2015 13:59:50 ,,,,,,https://www.udacity.com/course/viewer#!/c-cs046/l-176475143/e-177079650/m-177120576,Tab ,New Tab 
14/07/2015 13:59:53 ,,,,,,https://www.udacity.com/course/viewer#!/c-cs046/l-176475143/e-177079650/m-177120576,Screen ,active 
14/07/2015 14:00:50 ,,,,,,https://www.udacity.com/course/viewer#!/c-cs046/l-176475143/e-177079650/m-177079651,Tab ,New Tab 
14/07/2015 14:01:32 ,,,,,,https://www.udacity.com/course/viewer#!/c-cs046/l-176475143/e-176644158/m-176976487,Tab ,New Tab 
14/07/2015 14:01:55 ,,,,,,https://www.udacity.com/course/viewer#!/c-cs046/l-176475143/e-176644158/m-177051170,Tab ,New Tab 
14/07/2015 14:02:09 ,,,,,,https://www.udacity.com/course/viewer#!/c-cs046/l-176475143/e-176644158/m-176976488,Tab ,New Tab 
14/07/2015 14:03:02 ,,,,,,https://www.udacity.com/course/viewer#!/c-cs046/l-176475143/e-177067862/m-176976489,Tab ,New Tab 
14/07/2015 14:03:22 ,,,,,,https://www.udacity.com/course/viewer#!/c-cs046/l-176475143/e-177067862/m-176586304,Tab ,New Tab 
14/07/2015 14:03:45 ,,,,,,https://www.udacity.com/course/viewer#!/c-cs046/l-176475143/e-177067862/m-176976490,Tab ,New Tab 
14/07/2015 14:04:20 ,,,,,,https://www.udacity.com/course/viewer#!/c-cs046/l-176475143/m-179427103,Tab ,New Tab 
14/07/2015 14:04:53 ,,,,,,https://www.udacity.com/course/viewer#!/c-cs046/l-176475143/e-176218235/m-176976476,Tab ,New Tab 
14/07/2015 14:06:04 ,,,,,,https://www.udacity.com/course/viewer#!/c-cs046/l-176475143/e-176218235/m-176976476,Screen ,idle 
14/07/2015 14:06:17 ,,,,,,https://www.udacity.com/course/viewer#!/c-cs046/l-176475143/e-176218235/m-176976476,Screen ,active 
14/07/2015 14:06:20 ,,,,,,https://www.udacity.com/course/viewer#!/c-cs046/l-176475143/e-176218235/m-176671251,Tab ,New Tab 
14/07/2015 14:06:30 ,,,,,,https://www.udacity.com/course/viewer#!/c-cs046/l-176475143/e-176218235/m-176976477,Tab ,New Tab 
14/07/2015 14:07:09 ,,,,,,https://www.udacity.com/course/viewer#!/c-cs046/l-176475143/e-177171507/m-176976478,Tab ,New Tab 
14/07/2015 14:07:31 ,,,,,,https://www.udacity.com/course/viewer#!/c-cs046/l-176475143/e-177171507/m-176976478,Screen ,idle 
14/07/2015 14:07:38 ,,,,,,https://www.udacity.com/course/viewer#!/c-cs046/l-176475143/e-177171507/m-177099924,Tab ,New Tab 
14/07/2015 14:08:49 ,,,,,,https://www.udacity.com/course/viewer#!/c-cs046/l-176475143/e-177171507/m-177099924,Screen ,active 
14/07/2015 14:10:47 ,,,,,,https://www.udacity.com/course/viewer#!/c-cs046/l-176475143/e-177171507/m-177099924,Key ,[BACKSPACE] 5 [LEFTARROW] [BACKSPACE] 2 [RIGHTARROW] [BACKSPACE] [BACKSPACE] 3 5 [LEFTARROW] 3 
14/07/2015 14:10:47 ,,,,,,https://www.udacity.com/course/viewer#!/c-cs046/l-176475143/e-177171507/m-176976479,Tab ,New Tab 
14/07/2015 14:13:01 ,,,,,,https://www.udacity.com/course/viewer#!/c-cs046/l-176475143/e-177079652/m-176976480,Tab ,New Tab 
14/07/2015 14:13:33 ,,,,,,https://www.udacity.com/course/viewer#!/c-cs046/l-176475143/e-177079652/m-176976480,Screen ,idle 
14/07/2015 14:14:56 ,,,,,,https://www.udacity.com/course/viewer#!/c-cs046/l-176475143/e-177079652/m-176976480,Screen ,active 
14/07/2015 14:15:24 ,,,,,,https://www.udacity.com/course/viewer#!/c-cs046/l-176475143/e-177079652/m-177044009,Tab ,New Tab 
14/07/2015 14:15:30 ,,,,,,https://www.udacity.com/course/viewer#!/c-cs046/l-176475143/e-177079652/m-176976480,Tab ,New Tab 
14/07/2015 14:16:30 ,,,,,,https://www.udacity.com/course/viewer#!/c-cs046/l-176475143/e-177079652/m-176976480,Screen ,idle 
14/07/2015 14:17:54 ,,,,,,https://www.udacity.com/course/viewer#!/c-cs046/l-176475143/e-177079652/m-177044009,Tab ,New Tab 
14/07/2015 14:17:55 ,,,,,,https://www.udacity.com/course/viewer#!/c-cs046/l-176475143/e-177079652/m-177044009,Screen ,active 
14/07/2015 14:19:22 ,,,,,,https://www.udacity.com/course/viewer#!/c-cs046/l-176475143/e-177079652/m-177079653,Tab ,New Tab 
14/07/2015 14:19:22 ,,,,,,https://www.udacity.com/course/viewer#!/c-cs046/l-176475143/e-177079652/m-177044009,Key ,b y 
14/07/2015 14:20:16 ,,,,,,https://www.udacity.com/course/viewer#!/c-cs046/l-176475143/e-177079652/m-177044009,Tab ,New Tab 
14/07/2015 14:20:28 ,,,,,,https://www.udacity.com/course/viewer#!/c-cs046/l-176475143/e-177079652/m-177044009,Selected ,ybybby ybybby ybybby ybybby ybybby ybybby ybybby ybybby ybybby ybybby ybybby ybybby ybybby ybybby ybybby ybybby ybybby ybybby ybybby ybybby ybybby ybybby ybybby ybybby ybybby ybybby ybybby ybybby ybybby ybybby ybybby ybybby ybybby ybybby ybybby ybybby ybybby ybybby ybybby ybybby ybybby ybybby ybybby bybyyb bybyyb bybyyb bybyyb bybyyb bybyyb bybyyb bybyyb bybyyb bybyyb bybyyb bybyyb bybyyb bybyyb bybyyb bybyyb bybyyb bybyyb bybyyb bybyyb bybyyb bybyyb bybyyb bybyyb bybyyb bybyyb bybyyb bybyyb bybyyb bybyyb bybyyb bybyyb bybyyb bybyyb bybyyb bybyyb bybyyb bybyyb bybyyb bybyyb bybyyb bybyyb bybyyb 
14/07/2015 14:20:28 ,,,,,,https://www.udacity.com/course/viewer#!/c-cs046/l-176475143/e-177079652/m-177079653,Tab ,New Tab 
14/07/2015 14:20:28 ,,,,,,https://www.udacity.com/course/viewer#!/c-cs046/l-176475143/e-177079652/m-177044009,Key ,b b b y y y b b y b y y 
14/07/2015 14:21:26 ,,,,,,https://www.udacity.com/course/viewer#!/c-cs046/l-176475143/e-177067863/m-176976491,Tab ,New Tab 
14/07/2015 14:22:05 ,,,,,,https://www.udacity.com/course/viewer#!/c-cs046/l-176475143/e-177067863/m-177241577,Tab ,New Tab 
14/07/2015 14:23:12 ,,,,,,https://www.udacity.com/course/viewer#!/c-cs046/l-176475143/e-177067863/m-177241577,Screen ,idle 
14/07/2015 14:23:34 ,,,,,,https://www.udacity.com/course/viewer#!/c-cs046/l-176475143/e-177067863/m-177241577,Screen ,active 
14/07/2015 14:23:34 ,,,,,,https://www.udacity.com/course/viewer#!/c-cs046/l-176475143/e-177067863/m-177241577,Key ,1
14/07/2015 14:25:01 ,,,,,,https://www.udacity.com/course/viewer#!/c-cs046/l-176475143/e-177067863/m-177241577,Key ,1 2 . 6 t o [SPACEBAR] f i n d [SPACEBAR] t o t a l [SPACEBAR] c o s t 
14/07/2015 14:25:01 ,,,,,,https://www.udacity.com/course/viewer#!/c-cs046/l-176475143/e-177067863/m-176976492,Tab ,New Tab 
14/07/2015 14:25:13 ,,,,,,https://www.udacity.com/course/viewer#!/c-cs046/l-176475143/e-177067863/m-177241577,Tab ,New Tab 
14/07/2015 14:25:27 ,,,,,,https://www.udacity.com/course/viewer#!/c-cs046/l-176475143/e-177067863/m-177241577,Selected ,12.6 12.6 12.6 12.6 12.6 12.6 12.6 12.6 12.6 12.6 12.6 12.6 12.6 12.6 12.6 12.6 12.6 12.6 12.6 12.6 12.6 12.6 12.6 12.6 12.6 12.6 12.6 12.6 12.6 12.6 12.6 12.6 12.6 12.6 12.6 12.6 12.6 12.6 12.6 12.6 12.6 12.6 12.6 12.6 12.6 12.6 12.6 12.6 1.89 and 12.6 1.89 and 12.6 1.89 and 12.6 1.89 and 12.6 1.89 and 12.6 1.89 and 12.6 1.89 and 12.6 1.89 and 12.6 1.89 and 12.6 1.89 and 12.6 1.89 and 12.6 1.89 and 12.6 1.89 and 12.6 1.89 and 12.6 1.89 and 12.6 1.89 and 12.6 1.89 and 12.6 1.89 and 12.6 1.89 and 12.6 1.89 and 12.6 1.89 and 12.6 1.89 and 12.6 1.89 and 12.6 1.89 and 12.6 1.89 and 12.6 1.89 and 12.6 1.89 and 12.6 1.89 and 12.6 1.89 and 12.6 1.89 and 12.6 1.89 and 12.6 1.89 and 12.6 1.89 and 12.6 1.89 and 12.6 1.89 and 12.6 1.89 and 12.6 1.89 and 12.6 1.89 and 12.6 1.89 and 12.6 1.89 and 12.6 1.89 and 12.6 1.89 and 12.6 1.89 and 12.6 1.89 and 12.6 1.89 and 12.6 1.89 and 12.6 1.89 and 12.6 1.89 and 12.6 
14/07/2015 14:25:27 ,,,,,,https://www.udacity.com/course/viewer#!/c-cs046/l-176475143/e-177067863/m-177241577,Key ,1 3 . 8 5 [BACKSPACE] 6 
14/07/2015 14:25:27 ,,,,,,https://www.udacity.com/course/viewer#!/c-cs046/l-176475143/e-177067863/m-176976492,Tab ,New Tab 
14/07/2015 14:26:44 ,,,,,,https://www.udacity.com/course/viewer#!/c-cs046/l-176475143/e-177067864/m-176976493,Tab ,New Tab 
14/07/2015 14:26:54 ,,,,,,https://www.udacity.com/course/viewer#!/c-cs046/l-176475143/e-177079652/m-176976480,Tab ,New Tab 
14/07/2015 14:26:58 ,,,,,,https://www.udacity.com/course/viewer#!/c-cs046/l-176475143/e-177067864/m-176976493,Tab ,New Tab 
14/07/2015 14:27:04 ,,,,,,https://www.udacity.com/course/viewer#!/c-cs046/l-176475143/e-177079652/m-176976480,Tab ,New Tab 
14/07/2015 14:27:05 ,,,,,,https://www.udacity.com/course/viewer#!/c-cs046/l-176475143/e-177067864/m-176976493,Tab ,New Tab 
14/07/2015 14:27:35 ,,,,,,https://www.udacity.com/course/viewer#!/c-cs046/l-176475143/e-177067864/m-177257506,Tab ,New Tab 
14/07/2015 14:28:00 ,,,,,,https://www.udacity.com/course/viewer#!/c-cs046/l-176475143/e-177067864/m-176976494,Tab ,New Tab 
14/07/2015 14:28:47 ,,,,,,https://www.udacity.com/course/viewer#!/c-cs046/l-176475143/e-177067864/m-177257506,Tab ,New Tab 
14/07/2015 14:29:10 ,,,,,,https://www.udacity.com/course/viewer#!/c-cs046/l-176475143/e-177067864/m-177257506,Key ,1 0 [ENTER] 5 [ENTER] 1 6 [ENTER] 8 [ENTER] 4 [ENTER] 2 
14/07/2015 14:29:11 ,,,,,,https://www.udacity.com/course/viewer#!/c-cs046/l-176475143/e-177067864/m-176976494,Tab ,New Tab 
14/07/2015 14:30:59 ,,,,,,https://www.udacity.com/course/viewer#!/c-cs046/l-176475143/e-177109724/m-176976495,Tab ,New Tab 
14/07/2015 14:31:42 ,,,,,,https://www.udacity.com/course/viewer#!/c-cs046/l-176475143/e-177109724/m-176976495,Screen ,idle 
14/07/2015 14:31:49 ,,,,,,https://www.udacity.com/course/viewer#!/c-cs046/l-176475143/e-177109724/m-177134684,Tab ,New Tab 
14/07/2015 14:31:51 ,,,,,,https://www.udacity.com/course/viewer#!/c-cs046/l-176475143/e-177109724/m-177134684,Screen ,active 
14/07/2015 14:33:31 ,,,,,,https://www.udacity.com/course/viewer#!/c-cs046/l-176475143/e-177109724/m-176976495,Tab ,New Tab 
14/07/2015 14:34:21 ,,,,,,https://www.udacity.com/course/viewer#!/c-cs046/l-176475143/e-177109724/m-177134684,Tab ,New Tab 
14/07/2015 14:36:35 ,,,,,,https://www.udacity.com/course/viewer#!/c-cs046/l-176475143/e-177109724/m-176976495,Tab ,New Tab 
14/07/2015 14:37:11 ,,,,,,https://www.udacity.com/course/viewer#!/c-cs046/l-176475143/e-177109724/m-177134684,Tab ,New Tab 
14/07/2015 14:40:13 ,,,,,,https://www.udacity.com/course/viewer#!/c-cs046/l-176475143/e-177109724/m-176976496,Tab ,New Tab 
14/07/2015 14:42:08 ,,,,,,https://www.udacity.com/course/viewer#!/c-cs046/l-176475143/e-177109724/m-177134684,Tab ,New Tab 
14/07/2015 14:43:50 ,,,,,,https://www.udacity.com/course/viewer#!/c-cs046/l-176475143/e-177109724/m-176976496,Tab ,New Tab 
14/07/2015 14:43:55 ,,,,,,https://www.udacity.com/course/viewer#!/c-cs046/l-176475143/e-177109724/m-177134684,Tab ,New Tab 
14/07/2015 14:44:07 ,,,,,,https://www.udacity.com/course/viewer#!/c-cs046/l-176475143/e-177109724/m-177134684,Key ,s t o p [SPACEBAR] y o u [SPACEBAR] f o u n d [SPACEBAR] i t 
14/07/2015 14:44:07 ,,,,,,https://www.udacity.com/course/viewer#!/c-cs046/l-176475143/e-177109724/m-176976496,Tab ,New Tab 
14/07/2015 14:46:13 ,,,,,,https://www.udacity.com/course/viewer#!/c-cs046/l-176475143/e-177109725/m-176976497,Tab ,New Tab 
14/07/2015 14:46:16 ,,,,,,https://www.udacity.com/course/viewer#!/c-cs046/l-176475143/e-177109725/m-176976497,Screen ,idle 
14/07/2015 14:46:44 ,,,,,,https://www.udacity.com/course/viewer#!/c-cs046/l-176475143/e-177109725/m-176175795,Tab ,New Tab 
14/07/2015 14:47:16 ,,,,,,https://www.udacity.com/course/viewer#!/c-cs046/l-176475143/e-177109725/m-176175795,Screen ,active 
14/07/2015 14:47:22 ,,,,,,https://www.udacity.com/course/viewer#!/c-cs046/l-176475143/e-177109725/m-176976498,Tab ,New Tab 
14/07/2015 14:48:07 ,,,,,,https://www.udacity.com/course/viewer#!/c-cs046/l-176475143/e-177179588/m-176976499,Tab ,New Tab 
14/07/2015 14:48:32 ,,,,,,https://www.udacity.com/course/viewer#!/c-cs046/l-176475143/e-177179588/m-177034270,Tab ,New Tab 
14/07/2015 14:49:39 ,,,,,,https://www.udacity.com/course/viewer#!/c-cs046/l-176475143/e-177179588/m-176976500,Tab ,New Tab 
14/07/2015 14:50:33 ,,,,,,https://www.udacity.com/course/viewer#!/c-cs046/l-176475143/m-179427101,Tab ,New Tab 
14/07/2015 14:51:22 ,,,,,,https://www.udacity.com/course/viewer#!/c-cs046/l-176475143/m-178422830,Tab ,New Tab 
14/07/2015 14:51:30 ,,,,,,https://www.udacity.com/course/viewer#!/c-cs046/l-176475143/m-179427101,Tab ,New Tab 
14/07/2015 14:52:19 ,,,,,,https://www.udacity.com/course/viewer#!/c-cs046/l-176475143/m-178422830,Tab ,New Tab 
14/07/2015 14:52:49 ,,,,,,https://www.udacity.com/course/viewer#!/c-cs046/l-211641002,Tab ,New Tab 
14/07/2015 14:52:50 ,,,,,,https://www.udacity.com/course/viewer#!/c-cs046/l-211641002/e-213546108/m-213546109,Tab ,New Tab 
14/07/2015 14:53:31 ,,,,,,https://www.udacity.com/course/viewer#!/c-cs046/l-211641002/e-213546110/m-213308035,Tab ,New Tab 
14/07/2015 14:53:31 ,,,,,,https://www.udacity.com/course/viewer#!/c-cs046/l-211641002/e-213546108/m-213546109,Key ,M [SHIFT] i c h a e l [SPACEBAR] K [SHIFT] o l l i n g 
14/07/2015 14:54:03 ,,,,,,https://www.udacity.com/course/viewer#!/c-cs046/l-211641002/e-213546110/m-213308035,Key ,[CTRL] 
14/07/2015 14:54:03 ,,,,,,https://www.udacity.com/course/viewer#!/c-cs046/l-211641002/e-211265356/m-211265357,Tab ,New Tab 
14/07/2015 14:55:24 ,,,,,,https://www.udacity.com/course/viewer#!/c-cs046/l-211641002/e-211265358/m-211265359,Tab ,New Tab 
14/07/2015 14:55:24 ,,,,,,https://www.udacity.com/course/viewer#!/c-cs046/l-211641002/e-211265356/m-211265357,Key ,[CTRL] 
14/07/2015 14:57:47 ,,,,,,https://www.udacity.com/course/viewer#!/c-cs046/l-211641002/e-211265358/m-211265359,Screen ,idle 
14/07/2015 14:58:11 ,,,,,,https://www.udacity.com/course/viewer#!/c-cs046/l-211641002/e-211265358/m-211265359,Screen ,active 
14/07/2015 14:58:11 ,,,,,,https://www.udacity.com/course/viewer#!/c-cs046/l-211641002/e-211265358/m-211265359,Key ,1
14/07/2015 14:59:29 ,,,,,,https://www.udacity.com/course/viewer#!/c-cs046/l-211641002/e-211265358/m-211265359,Screen ,idle 
14/07/2015 15:08:32 ,,,,,,https://www.udacity.com/course/viewer#!/c-cs046/l-211641002/e-211265358/m-211265359,Screen ,active 
14/07/2015 15:09:33 ,,,,,,https://www.udacity.com/course/viewer#!/c-cs046/l-211641002/e-211265358/m-211265359,Screen ,idle 
14/07/2015 15:09:52 ,,,,,,https://www.udacity.com/course/viewer#!/c-cs046/l-211641002/e-211265358/m-211265359,Screen ,active 
14/07/2015 15:09:55 ,,,,,,https://www.udacity.com/course/viewer#!/c-cs046/l-161445800,Tab ,New Tab 
14/07/2015 15:09:55 ,,,,,,https://www.udacity.com/course/viewer#!/c-cs046/l-161445800/m-161389501,Tab ,New Tab 
14/07/2015 15:10:10 ,,,,,,https://s3.amazonaws.com/udacity-hosted-downloads/lesson1.zip,Tab ,Tab Switched 
14/07/2015 15:10:10 ,,,,,,,Window ,Window -Possible Minimize 
14/07/2015 15:24:23 ,,,,,,https://s3.amazonaws.com/udacity-hosted-downloads/lesson1.zip,Screen ,idle 
14/07/2015 15:27:56 ,,,,,,https://s3.amazonaws.com/udacity-hosted-downloads/lesson1.zip,Screen ,active 
,,,,,,,,MOUSE3: Mouse clicked! (0
14/07/2015 15:43:27 ,,,,,,https://s3.amazonaws.com/udacity-hosted-downloads/lesson1.zip,Screen ,idle 
14/07/2015 15:46:12 ,,,,,,https://s3.amazonaws.com/udacity-hosted-downloads/lesson1.zip,Screen ,active 
14/07/2015 15:54:04 ,,,,,,https://s3.amazonaws.com/udacity-hosted-downloads/lesson1.zip,Screen ,idle 
14/07/2015 15:54:41 ,,,,,,https://s3.amazonaws.com/udacity-hosted-downloads/lesson1.zip,Screen ,active 
14/07/2015 16:02:40 ,,,,,,https://s3.amazonaws.com/udacity-hosted-downloads/lesson1.zip,Screen ,idle 
14/07/2015 16:06:25 ,,,,,,https://s3.amazonaws.com/udacity-hosted-downloads/lesson1.zip,Screen ,active 
14/07/2015 16:07:42 ,,,,,,https://s3.amazonaws.com/udacity-hosted-downloads/lesson1.zip,Screen ,idle 
14/07/2015 16:13:32 ,,,,,,https://s3.amazonaws.com/udacity-hosted-downloads/lesson1.zip,Screen ,active 
14/07/2015 16:14:32 ,,,,,,,Window ,Window maximized 
14/07/2015 16:15:35 ,,,,,,,Window ,Window -Possible Minimize 
14/07/2015 16:16:32 ,,,,,,,Window ,Window maximized 
14/07/2015 16:20:59 ,,,,,,https://s3.amazonaws.com/udacity-hosted-downloads/lesson1.zip,Screen ,idle 
14/07/2015 16:21:22 ,,,,,,https://s3.amazonaws.com/udacity-hosted-downloads/lesson1.zip,Screen ,active 
14/07/2015 16:21:27 ,,,,,,,Tab ,Tab Closed [TabID:180] 
14/07/2015 16:21:27 ,,,,,,https://www.udacity.com/course/viewer#!/c-cs046/l-161445800/m-161389501,Tab ,Tab Switched 
14/07/2015 16:21:27 ,,,,,,,Window ,Window -Possible Minimize 
14/07/2015 16:22:31 ,,,,,,https://www.udacity.com/course/viewer#!/c-cs046/l-161445800/m-161389501,Screen ,idle 
14/07/2015 16:30:08 ,,,,,,https://www.udacity.com/course/viewer#!/c-cs046/l-161445800/m-161389501,Screen ,active 
14/07/2015 16:31:13 ,,,,,,https://www.udacity.com/course/viewer#!/c-cs046/l-161445800/m-161389501,Screen ,idle 
14/07/2015 16:32:39 ,,,,,,https://www.udacity.com/course/viewer#!/c-cs046/l-161445800/m-161389501,Screen ,active 
14/07/2015 16:32:42 ,,,,,,,Window ,Window maximized 
14/07/2015 16:35:08 ,,,,,,,Window ,Window -Possible Minimize 
14/07/2015 16:36:33 ,,,,,,https://www.udacity.com/course/viewer#!/c-cs046/l-161445800/m-161389501,Screen ,idle 
14/07/2015 16:37:57 ,,,,,,https://www.udacity.com/course/viewer#!/c-cs046/l-161445800/m-161389501,Screen ,active 
14/07/2015 16:38:11 ,,,,,,https://www.udacity.com/course/viewer#!/c-cs046/l-161445800/m-161389501,Screen ,locked 
14/07/2015 16:38:13 ,,,,,,https://www.udacity.com/course/viewer#!/c-cs046/l-161445800/m-161389501,Screen ,active 
14/07/2015 16:39:02 ,,,,,,https://www.udacity.com/course/viewer#!/c-cs046/l-161445800/m-161389501,Screen ,locked 
14/07/2015 18:58:12 ,,,,,,https://www.google.co.in/,Screen ,active 
14/07/2015 18:58:12 ,,,,,,https://www.google.co.in/,Screen ,locked 
14/07/2015 18:58:28 ,,,,,,https://www.google.co.in/,Screen ,locked 
14/07/2015 18:58:30 ,,,,,,https://www.google.co.in/,Screen ,active 
14/07/2015 18:58:56 ,,,,,,https://www.google.co.in/,Screen ,locked 
14/07/2015 18:58:58 ,,,,,,https://www.google.co.in/,Screen ,active 
14/07/2015 19:01:28 ,,,,,,https://www.google.co.in/,Screen ,locked 
14/07/2015 19:01:28 ,,,,,,https://www.google.co.in/,Screen ,active 
14/07/2015 19:11:50 ,,,,,,https://www.google.co.in/,Screen ,idle 
14/07/2015 19:12:33 ,,,,,,https://www.google.co.in/,Screen ,active 
14/07/2015 19:14:10 ,,,,,,https://www.google.co.in/,Screen ,idle 
14/07/2015 19:14:35 ,,,,,,https://www.google.co.in/,Screen ,active 
14/07/2015 19:15:33 ,,,,,,,Window ,Window maximized 
14/07/2015 19:15:35 ,,,,,,,Window ,Window -Possible Minimize 
14/07/2015 19:15:36 ,,,,,,https://www.google.co.in/,Tab ,New Tab 
14/07/2015 19:15:48 ,,,,,,https://mail.google.com/mail/u/0/?tab=wm#inbox/14e8ae804b37f7e4,Tab ,New Tab 
14/07/2015 19:15:49 ,,,,,,https://mail.google.com/mail/u/0/?tab=wm#inbox/14e8ae804b37f7e4?projector=1,Tab ,New Tab 
14/07/2015 19:15:56 ,,,,,,https://www.dropbox.com/s/93awpea3ilnuu7z/setup.exe?dl=0,Tab ,Tab Switched 
14/07/2015 19:16:07 ,,,,,,https://www.dropbox.com/s/93awpea3ilnuu7z/setup.exe?dl=0,Tab ,New Tab 
14/07/2015 19:16:09 ,,,,,,,Window ,Window maximized 
14/07/2015 19:17:10 ,,,,,,https://www.dropbox.com/s/93awpea3ilnuu7z/setup.exe?dl=0,Screen ,idle 
14/07/2015 19:22:52 ,,,,,,https://www.dropbox.com/s/93awpea3ilnuu7z/setup.exe?dl=0,Screen ,active 
14/07/2015 19:23:15 ,,,,,,,Window ,Window -Possible Minimize 
14/07/2015 19:23:15 ,,,,,,https://mail.google.com/mail/u/0/?tab=wm#inbox/14e8ae804b37f7e4?projector=1,Tab ,Tab Switched 
14/07/2015 19:23:44 ,,,,,,https://www.dropbox.com/s/93awpea3ilnuu7z/setup.exe?dl=0,Tab ,Tab Switched 
14/07/2015 19:24:46 ,,,,,,https://www.dropbox.com/s/93awpea3ilnuu7z/setup.exe?dl=0,Screen ,idle 
14/07/2015 19:31:01 ,,,,,,,Window ,Window maximized 
14/07/2015 19:31:01 ,,,,,,https://www.dropbox.com/s/93awpea3ilnuu7z/setup.exe?dl=0,Screen ,active 
14/07/2015 19:31:10 ,,,,,,https://www.dropbox.com/s/93awpea3ilnuu7z/setup.exe?dl=0,Screen ,locked 
14/07/2015 19:31:12 ,,,,,,https://www.dropbox.com/s/93awpea3ilnuu7z/setup.exe?dl=0,Screen ,active 
14/07/2015 19:31:57 ,,,,,,,Window ,Window -Possible Minimize 
14/07/2015 19:33:06 ,,,,,,https://www.dropbox.com/s/93awpea3ilnuu7z/setup.exe?dl=0,Screen ,idle 
14/07/2015 19:35:05 ,,,,,,https://www.dropbox.com/s/93awpea3ilnuu7z/setup.exe?dl=0,Screen ,active 
14/07/2015 19:37:38 ,,,,,,,Window ,Window maximized 
14/07/2015 19:37:38 ,,,,,,https://mail.google.com/mail/u/0/?tab=wm#inbox/14e8ae804b37f7e4?projector=1,Tab ,Tab Switched 
14/07/2015 19:37:38 ,,,,,,,Window ,Window -Possible Minimize 
14/07/2015 19:37:40 ,,,,,,https://mail.google.com/mail/u/0/?tab=wm#inbox/14e8ae804b37f7e4,Tab ,New Tab 
14/07/2015 19:37:42 ,,,,,,https://mail.google.com/mail/u/0/?tab=wm#inbox,Tab ,New Tab 
,,,,,,,,MOUSE3: Mouse clicked! (227
14/07/2015 19:37:50 ,,,,,,https://www.dropbox.com/s/93awpea3ilnuu7z/setup.exe?dl=0,Tab ,Tab Switched 
14/07/2015 19:37:54 ,,,,,,chrome://newtab/,Tab ,Tab Closed 
14/07/2015 19:37:54 ,,,,,,https://www.dropbox.com/s/93awpea3ilnuu7z/setup.exe?dl=0,Tab ,Tab Switched 
14/07/2015 19:38:56 ,,,,,,https://www.dropbox.com/s/93awpea3ilnuu7z/setup.exe?dl=0,Screen ,idle 
14/07/2015 19:40:04 ,,,,,,https://www.dropbox.com/s/93awpea3ilnuu7z/setup.exe?dl=0,Screen ,active 
14/07/2015 19:40:06 ,,,,,,,Tab ,Tab Closed [TabID:119] 
14/07/2015 19:40:12 ,,,,,,,Window ,Window maximized 
14/07/2015 19:40:15 ,,,,,,,Window ,Window -Possible Minimize 
14/07/2015 19:41:50 ,,,,,,https://www.dropbox.com/s/93awpea3ilnuu7z/setup.exe?dl=0,Screen ,active 
14/07/2015 19:41:50 ,,,,,,https://www.dropbox.com/s/93awpea3ilnuu7z/setup.exe?dl=0,Screen ,locked 
14/07/2015 19:44:10 ,,,,,,https://www.dropbox.com/s/93awpea3ilnuu7z/setup.exe?dl=0,Screen ,idle 
14/07/2015 19:44:22 ,,,,,,https://www.dropbox.com/s/93awpea3ilnuu7z/setup.exe?dl=0,Screen ,active 
14/07/2015 19:56:54 ,,,,,,https://www.dropbox.com/s/93awpea3ilnuu7z/setup.exe?dl=0,Screen ,idle 
14/07/2015 19:56:59 ,,,,,,https://www.dropbox.com/s/93awpea3ilnuu7z/setup.exe?dl=0,Screen ,active 
14/07/2015 20:00:34 ,,,,,,https://www.dropbox.com/s/93awpea3ilnuu7z/setup.exe?dl=0,Screen ,locked 
14/07/2015 20:00:34 ,,,,,,https://www.dropbox.com/s/93awpea3ilnuu7z/setup.exe?dl=0,Screen ,active 
14/07/2015 20:02:50 ,,,,,,https://www.dropbox.com/s/93awpea3ilnuu7z/setup.exe?dl=0,Screen ,locked 
14/07/2015 20:02:51 ,,,,,,https://www.dropbox.com/s/93awpea3ilnuu7z/setup.exe?dl=0,Screen ,active 
14/07/2015 20:04:33 ,,,,,,,Window ,Window maximized 
14/07/2015 20:04:34 ,,,,,,,Window ,Window -Possible Minimize 
14/07/2015 20:04:34 ,,,,,,https://mail.google.com/mail/u/0/?tab=wm#inbox,Tab ,Tab Switched 
14/07/2015 20:05:33 ,,,,,,https://mail.google.com/mail/u/0/?tab=wm#inbox,Screen ,locked 
14/07/2015 20:55:34 ,,,,,,https://www.google.co.in/,Tab ,Tab Switched 
14/07/2015 20:55:34 ,,,,,,,Tab ,Tab Closed [TabID:139] 
14/07/2015 20:55:46 ,,,,,,https://www.udacity.com/course/viewer?utm_campaign=welcome_cs101&utm_source=sendgrid&utm_medium=email#!/c-cs101/l-299053470/e-298929650/m-298929651,Tab ,New Tab 
14/07/2015 20:55:50 ,,,,,,https://www.udacity.com/course/viewer?utm_campaign=welcome_cs101&utm_source=sendgrid&utm_medium=email#!/c-cs101/l-299053470/e-298929650/m-298929651,Mouse ,MOUSE3: Mouse clicked! (753  114) A [Tag Name :A] undefined 
14/07/2015 20:55:52 ,,,,,,https://www.udacity.com/courses/all,Tab ,New Tab 
14/07/2015 20:56:08 ,,,,,,https://www.udacity.com/courses/all,Key ,i n t r o [SPACEBAR] t o [SPACEBAR] j a v a 
,,,,,,,,MOUSE3: Mouse clicked! (726
14/07/2015 20:56:11 ,,,,,,https://www.udacity.com/course/intro-to-java-programming--cs046,Tab ,New Tab 
14/07/2015 20:56:14 ,,,,,,https://www.udacity.com/course/intro-to-java-programming--cs046,Mouse ,MOUSE3: Mouse clicked! (927  275) BUTTON [Tag Name :BUTTON]
14/07/2015 20:56:14 ,,,,,,https://www.udacity.com/course/intro-to-java-programming--cs046,Mouse ,MOUSE2:
14/07/2015 20:56:17 ,,,,,,https://www.udacity.com/course/viewer#!/c-cs046/l-161445800,Tab ,New Tab 
14/07/2015 20:56:26 ,,,,,,https://www.udacity.com/course/viewer#!/c-cs046/l-161445800/m-161389501,Tab ,New Tab 
14/07/2015 20:57:00 ,,,,,,https://www.udacity.com/course/viewer#!/c-cs046/l-161445800/m-212206534,Tab ,New Tab 
14/07/2015 20:57:26 ,,,,,,https://www.udacity.com/course/viewer#!/c-cs046/l-161445800/m-179202991,Tab ,New Tab 
14/07/2015 20:59:05 ,,,,,,https://www.udacity.com/course/viewer#!/c-cs046/l-161445800/m-161389502,Tab ,New Tab 
14/07/2015 21:01:27 ,,,,,,https://www.udacity.com/course/viewer#!/c-cs046/l-161445800/m-161389502,Screen ,idle 
14/07/2015 21:02:53 ,,,,,,https://www.udacity.com/course/viewer#!/c-cs046/l-161445800/m-161389502,Screen ,active 
14/07/2015 21:03:42 ,,,,,,https://www.udacity.com/course/viewer#!/c-cs046/l-161445800/m-161389503,Tab ,New Tab 
14/07/2015 21:04:02 ,,,,,,https://www.udacity.com/course/viewer#!/c-cs046/l-161445800/m-161389503,Screen ,idle 
14/07/2015 21:04:54 ,,,,,,https://www.udacity.com/course/viewer#!/c-cs046/l-161445800/m-161389503,Screen ,active 
,,,,,,,,MOUSE3: Mouse clicked! (168
14/07/2015 21:04:55 ,,,,,,https://www.udacity.com/course/viewer#!/c-cs046/l-161445800/m-161389502,Tab ,New Tab 
14/07/2015 21:05:34 ,,,,,,,Window ,Window maximized 
14/07/2015 21:05:35 ,,,,,,,Window ,Window -Possible Minimize 
14/07/2015 21:06:01 ,,,,,,,Window ,Window maximized 
,,,,,,,,MOUSE3: Mouse clicked! (667
14/07/2015 21:06:14 ,,,,,,https://www.udacity.com/course/viewer#!/c-cs046/l-161445800/m-161389503,Tab ,New Tab 
14/07/2015 21:07:19 ,,,,,,,Window ,Window -Possible Minimize 
,,,,,,,,MOUSE3: Mouse clicked! (447
14/07/2015 21:07:21 ,,,,,,https://s3.amazonaws.com/udacity-hosted-downloads/lesson2.zip,Tab ,Tab Switched 
14/07/2015 21:07:23 ,,,,,,https://www.udacity.com/course/viewer#!/c-cs046/l-161445800/m-161389503,Tab ,Tab Switched 
14/07/2015 21:07:25 ,,,,,,,Window ,Window maximized 
14/07/2015 21:14:57 ,,,,,,https://www.udacity.com/course/viewer#!/c-cs046/l-161445800/m-161389503,Screen ,idle 
14/07/2015 21:15:41 ,,,,,,https://www.udacity.com/course/viewer#!/c-cs046/l-161445800/e-161389504/m-161389505,Tab ,New Tab 
14/07/2015 21:16:00 ,,,,,,https://www.udacity.com/course/viewer#!/c-cs046/l-161445800/e-161389504/m-161389505,Screen ,active 
14/07/2015 21:16:40 ,,,,,,https://www.udacity.com/course/viewer#!/c-cs046/l-161445800/e-161389504/m-164015046,Tab ,New Tab 
14/07/2015 21:19:59 ,,,,,,https://www.udacity.com/course/viewer#!/c-cs046/l-161445800/e-161389504/m-164015046,Key ,[LEFTARROW] [RIGHTARROW] [RIGHTARROW] [BACKSPACE] [BACKSPACE] [BACKSPACE] [BACKSPACE] 1 9 6 4 [BACKSPACE] [BACKSPACE] 6 4 
14/07/2015 21:19:59 ,,,,,,https://www.udacity.com/course/viewer#!/c-cs046/l-161445800/e-161389504/m-161389506,Tab ,New Tab 
14/07/2015 21:20:04 ,,,,,,https://www.udacity.com/course/viewer#!/c-cs046/l-161445800/e-161389504/m-164015046,Tab ,New Tab 
,,,,,,,,MOUSE3: Mouse clicked! (566
14/07/2015 21:20:11 ,,,,,,https://www.udacity.com/course/viewer#!/c-cs046/l-161445800/e-161389504/m-161389506,Tab ,New Tab 
14/07/2015 21:20:11 ,,,,,,https://www.udacity.com/course/viewer#!/c-cs046/l-161445800/e-161389504/m-164015046,Key ,[BACKSPACE] 5 
14/07/2015 21:21:21 ,,,,,,https://www.udacity.com/course/viewer#!/c-cs046/l-161445800/m-161389507,Tab ,New Tab 
14/07/2015 21:21:55 ,,,,,,https://www.udacity.com/course/viewer#!/c-cs046/l-161445800/m-161389507,Screen ,idle 
14/07/2015 21:22:43 ,,,,,,https://www.udacity.com/course/viewer#!/c-cs046/l-161445800/m-161389507,Screen ,active 
,,,,,,,,MOUSE3: Mouse clicked! (445
14/07/2015 21:23:15 ,,,,,,https://www.udacity.com/course/viewer#!/c-cs046/l-161445800/e-161389508/m-161389509,Tab ,New Tab 
14/07/2015 21:23:47 ,,,,,,https://www.udacity.com/course/viewer#!/c-cs046/l-161445800/e-161389508/m-164365526,Tab ,New Tab 
14/07/2015 21:23:48 ,,,,,,https://www.udacity.com/course/viewer#!/c-cs046/l-161445800/e-161389508/m-164365526,Screen ,idle 
14/07/2015 21:23:59 ,,,,,,https://www.udacity.com/course/viewer#!/c-cs046/l-161445800/e-161389508/m-164365526,Screen ,active 
14/07/2015 21:24:41 ,,,,,,https://www.udacity.com/course/viewer#!/c-cs046/l-161445800/e-161389508/m-164365526,Key ,b c a 
14/07/2015 21:24:41 ,,,,,,https://www.udacity.com/course/viewer#!/c-cs046/l-161445800/e-161389508/m-161389510,Tab ,New Tab 
14/07/2015 21:25:05 ,,,,,,https://www.udacity.com/course/viewer#!/c-cs046/l-161445800/m-161389511,Tab ,New Tab 
14/07/2015 21:25:42 ,,,,,,https://www.udacity.com/course/viewer#!/c-cs046/l-161445800/m-161389511,Screen ,idle 
14/07/2015 21:27:10 ,,,,,,https://www.udacity.com/course/viewer#!/c-cs046/l-161445800/e-177304173/m-177304174,Tab ,New Tab 
14/07/2015 21:27:53 ,,,,,,https://www.udacity.com/course/viewer#!/c-cs046/l-161445800/e-177304173/m-177391176,Screen ,active 
14/07/2015 21:27:53 ,,,,,,https://www.udacity.com/course/viewer#!/c-cs046/l-161445800/e-177304173/m-177391176,Tab ,New Tab 
14/07/2015 21:27:58 ,,,,,,https://www.udacity.com/course/viewer#!/c-cs046/l-161445800/e-177304173/m-177304175,Tab ,New Tab 
14/07/2015 21:28:56 ,,,,,,https://www.udacity.com/course/viewer#!/c-cs046/l-161445800/m-161389515,Tab ,New Tab 
14/07/2015 21:28:59 ,,,,,,https://www.udacity.com/course/viewer#!/c-cs046/l-161445800/m-161389515,Screen ,idle 
14/07/2015 21:29:11 ,,,,,,https://www.udacity.com/course/viewer#!/c-cs046/l-161445800/m-161389515,Screen ,active 
14/07/2015 21:30:30 ,,,,,,https://www.udacity.com/course/viewer#!/c-cs046/l-161445800/m-161389515,Screen ,idle 
14/07/2015 21:31:12 ,,,,,,https://www.udacity.com/course/viewer#!/c-cs046/l-161445800/m-161389516,Tab ,New Tab 
14/07/2015 21:32:03 ,,,,,,https://www.udacity.com/course/viewer#!/c-cs046/l-161445800/e-161593577/m-161593578,Tab ,New Tab 
14/07/2015 21:32:21 ,,,,,,https://www.udacity.com/course/viewer#!/c-cs046/l-161445800/e-161593577/m-164615371,Tab ,New Tab 
14/07/2015 21:32:21 ,,,,,,https://www.udacity.com/course/viewer#!/c-cs046/l-161445800/e-161593577/m-164615371,Screen ,active 
14/07/2015 21:32:26 ,,,,,,https://www.udacity.com/course/viewer#!/c-cs046/l-161445800/e-161593577/m-161593579,Tab ,New Tab 
14/07/2015 21:32:34 ,,,,,,https://www.udacity.com/course/viewer#!/c-cs046/l-161445800/m-161593580,Tab ,New Tab 
14/07/2015 21:33:08 ,,,,,,https://www.udacity.com/course/viewer#!/c-cs046/l-161445800/e-161593581/m-161593582,Tab ,New Tab 
14/07/2015 21:33:22 ,,,,,,https://www.udacity.com/course/viewer#!/c-cs046/l-161445800/e-161593581/m-164612528,Tab ,New Tab 
14/07/2015 21:33:29 ,,,,,,https://www.udacity.com/course/viewer#!/c-cs046/l-161445800/e-161593581/m-161593583,Tab ,New Tab 
14/07/2015 21:33:53 ,,,,,,https://www.udacity.com/course/viewer#!/c-cs046/l-161445800/m-161593584,Tab ,New Tab 
14/07/2015 21:34:29 ,,,,,,https://www.udacity.com/course/viewer#!/c-cs046/l-161445800/m-161593584,Screen ,idle 
14/07/2015 21:35:28 ,,,,,,https://www.udacity.com/course/viewer#!/c-cs046/l-161445800/e-161593585/m-161593586,Tab ,New Tab 
14/07/2015 21:35:54 ,,,,,,https://www.udacity.com/course/viewer#!/c-cs046/l-161445800/e-161593585/m-164612529,Tab ,New Tab 
14/07/2015 21:35:54 ,,,,,,https://www.udacity.com/course/viewer#!/c-cs046/l-161445800/e-161593585/m-164612529,Screen ,active 
14/07/2015 21:36:00 ,,,,,,https://www.udacity.com/course/viewer#!/c-cs046/l-161445800/e-161593585/m-161593587,Tab ,New Tab 
14/07/2015 21:36:15 ,,,,,,https://www.udacity.com/course/viewer#!/c-cs046/l-161445800/m-161593588,Tab ,New Tab 
14/07/2015 21:37:01 ,,,,,,https://www.udacity.com/course/viewer#!/c-cs046/l-161445800/m-161593588,Screen ,idle 
14/07/2015 21:37:24 ,,,,,,https://www.udacity.com/course/viewer#!/c-cs046/l-161445800/e-161593589/m-161593590,Tab ,New Tab 
14/07/2015 21:37:46 ,,,,,,https://www.udacity.com/course/viewer#!/c-cs046/l-161445800/e-161593589/m-161593590,Screen ,active 
14/07/2015 21:38:05 ,,,,,,https://www.udacity.com/course/viewer#!/c-cs046/l-161445800/e-161593589/m-164285783,Tab ,New Tab 
14/07/2015 21:39:32 ,,,,,,https://www.udacity.com/course/viewer#!/c-cs046/l-161445800/e-161593589/m-161593590,Tab ,New Tab 
14/07/2015 21:40:19 ,,,,,,https://www.udacity.com/course/viewer#!/c-cs046/l-161445800/e-161593589/m-164285783,Tab ,New Tab 
14/07/2015 21:41:42 ,,,,,,https://www.udacity.com/course/viewer#!/c-cs046/l-161445800/e-161593589/m-161593591,Tab ,New Tab 
14/07/2015 21:41:49 ,,,,,,https://www.udacity.com/course/viewer#!/c-cs046/l-161445800/e-161593589/m-164285783,Tab ,New Tab 
14/07/2015 21:41:58 ,,,,,,https://www.udacity.com/course/viewer#!/c-cs046/l-161445800/e-161593589/m-161593591,Tab ,New Tab 
14/07/2015 21:41:58 ,,,,,,https://www.udacity.com/course/viewer#!/c-cs046/l-161445800/e-161593589/m-164285783,Key ,2 2 3 3 9 
14/07/2015 21:43:37 ,,,,,,https://www.udacity.com/course/viewer#!/c-cs046/l-161445800/e-161593592/m-161593593,Tab ,New Tab 
14/07/2015 21:43:59 ,,,,,,https://www.udacity.com/course/viewer#!/c-cs046/l-161445800/e-161593592/m-177985185,Tab ,New Tab 
14/07/2015 21:46:47 ,,,,,,https://www.udacity.com/course/viewer#!/c-cs046/l-161445800/e-161593589/m-161593590,Tab ,New Tab 
14/07/2015 21:46:52 ,,,,,,https://www.udacity.com/course/viewer#!/c-cs046/l-161445800/m-161593588,Tab ,New Tab 
14/07/2015 21:47:04 ,,,,,,https://www.udacity.com/course/viewer#!/c-cs046/l-161445800/e-161593589/m-161593590,Tab ,New Tab 
14/07/2015 21:47:06 ,,,,,,https://www.udacity.com/course/viewer#!/c-cs046/l-161445800/e-161593589/m-164285783,Tab ,New Tab 
14/07/2015 21:47:10 ,,,,,,https://www.udacity.com/course/viewer#!/c-cs046/l-161445800/e-161593589/m-161593591,Tab ,New Tab 
14/07/2015 21:48:17 ,,,,,,,Window ,Window -Possible Minimize 
14/07/2015 21:49:17 ,,,,,,https://www.udacity.com/course/viewer#!/c-cs046/l-161445800/e-161593589/m-161593591,Screen ,idle 
14/07/2015 21:51:29 ,,,,,,https://www.udacity.com/course/viewer#!/c-cs046/l-161445800/e-161593589/m-161593591,Screen ,active 
14/07/2015 21:51:34 ,,,,,,https://www.udacity.com/course/viewer#!/c-cs046/l-161445800/e-161593589/m-161593591,Screen ,locked 
14/07/2015 22:44:27 ,,,,,,https://www.udacity.com/course/viewer#!/c-cs046/l-161445800/e-161593589/m-161593591,Screen ,active 
14/07/2015 22:44:27 ,,,,,,https://www.udacity.com/course/viewer#!/c-cs046/l-161445800/e-161593589/m-161593591,Screen ,idle 
14/07/2015 22:45:33 ,,,,,,https://www.udacity.com/course/viewer#!/c-cs046/l-161445800/e-161593589/m-161593591,Screen ,idle 
14/07/2015 22:47:41 ,,,,,,https://www.udacity.com/course/viewer#!/c-cs046/l-161445800/e-161593589/m-161593591,Screen ,active 
14/07/2015 22:49:46 ,,,,,,https://www.udacity.com/course/viewer#!/c-cs046/l-161445800/e-161593589/m-161593591,Screen ,idle 
14/07/2015 22:49:56 ,,,,,,https://www.udacity.com/course/viewer#!/c-cs046/l-161445800/e-161593589/m-161593591,Screen ,active 
14/07/2015 22:51:58 ,,,,,,https://www.udacity.com/course/viewer#!/c-cs046/l-161445800/e-161593589/m-161593591,Screen ,idle 
14/07/2015 22:53:24 ,,,,,,https://www.udacity.com/course/viewer#!/c-cs046/l-161445800/e-161593589/m-161593591,Screen ,active 
14/07/2015 22:54:27 ,,,,,,https://www.udacity.com/course/viewer#!/c-cs046/l-161445800/e-161593589/m-161593591,Screen ,idle 
14/07/2015 22:54:44 ,,,,,,https://www.udacity.com/course/viewer#!/c-cs046/l-161445800/e-161593589/m-161593591,Screen ,active 
14/07/2015 22:56:18 ,,,,,,https://www.udacity.com/course/viewer#!/c-cs046/l-161445800/e-161593589/m-161593591,Screen ,idle 
14/07/2015 22:56:18 ,,,,,,https://www.udacity.com/course/viewer#!/c-cs046/l-161445800/e-161593589/m-161593591,Screen ,active 
14/07/2015 22:56:20 ,,,,,,https://www.udacity.com/course/viewer#!/c-cs046/l-161445800/e-161593589/m-161593591,Screen ,locked 
14/07/2015 22:56:22 ,,,,,,https://www.udacity.com/course/viewer#!/c-cs046/l-161445800/e-161593589/m-161593591 ,Screen ,active 
